source,rating,text,date,order_type,meal_type,price_per_person,food_rating,service_rating,atmosphere_rating,recommended_dishes,wait_time,user_location,user_reviews,user_elite,feedback_useful,feedback_funny,feedback_cool
Google,5.0,The orange chicken meal is really good. I really enjoyed the spicy sauce they add to the orange chicken. The spicy sauce is perfection. Its not easy to find a good restaurant that can give a really good spicy level to the chicken like this place. And OMG the TOM YUM SOUP was super amazingly delicious and tasty! 😍 the mushroom in the soup was perfect! It was my first time trying this soup 🍲 and it was exquisite 😍. The whole meal was really good. I also enjoyed the Thai Ice Tea. The seats and place is really clean and comfortable to dine in. I appreciate the service here. Thank you.,2025-11-15T22:53:31Z,Dine in,,$10–20,5.0,5.0,5.0,,No wait,,,,,,
Google,5.0,"Insane value- i got all this for $12 + $5 thai tea from their lunch special! They definitely deserve more business, and we should support local more often. Yummy!",2026-03-20T23:37:24Z,,,,5.0,5.0,5.0,,,,,,,,
Google,5.0,"A new place for me. I love soup, and this place did not disappoint. Good size portions and very flavorful. The staff are friendly and accommodating. The menu options are great. Curry 🍛 is one of my favorite Thai dishes and I really like there panang curry. There is parking on the street, a lot to the south and behind. Wheelchair accessible on both sides. The decorations keep me entranced and I forget to read the menu.",2026-05-30T00:12:04Z,Take out,,,5.0,5.0,5.0,,No wait,,,,,,
Google,5.0,"Ordered chicken pad thai, pineapple fried rice, spicy (drunken) noodles, and spicy beef salad. Everything tasted fine, except the spicy drunken noodles itself was a bit overcooked, and was a bit clumpy, I never had that experience at other Thai places. Maybe the rice noodles were frozen and thawed. But the flavor was good. Will definitely be back next time when cravings hit.",2025-07-29T03:30:58Z,Take out,,,4.0,5.0,5.0,,,,,,,,
Google,5.0,"Amazing value—I purchased everything at $12 plus $5 for Thai tea as part of their lunch special! They undoubtedly deserve more business, and we ought to patronize local businesses more frequently. Delicious!",2026-04-21T10:48:26Z,,,,5.0,5.0,5.0,,,,,,,,
Google,5.0,"Small place, delicious food, good service. Their Pad Thai is bomb, only downside is parking cause is a little limited. But it's worth checking out.",2024-11-29T04:42:29Z,Dine in,,$10–20,5.0,5.0,5.0,,,,,,,,
Google,5.0,"Quaint little family-owned Thai restaurant. I had the lunch special, and everything was really delicious and very reasonably priced. The amount of food you get for the price is actually pretty incredible. Will definitely be back.",2026-05-05T15:12:53Z,,,$10–20,5.0,4.0,4.0,,No wait,,,,,,
Google,5.0,"This is such a good, hole-in-the-wall Thai spot! My partner loved his Kung Pao Chicken with Fried Rice and my Pad Thai was actually one of the best I've had. Plus with the good portions and the lunch special, it was a great deal! The staff was really nice, our waiter noticed that I chose tofu as my protein and he let me know that the soup had a meat base in case I was vegetarian, which was very thoughtful. I give the food, the price, and the service all 5 stars - we'll be back to try more dishes!",2021-11-23T06:24:24Z,Dine in,Lunch,$1–10,,,,,,,,,,,
Google,5.0,"The soup was really tasty especially with the fish sauce they have, my son loved their chow mein very flavorful and I loved my pad see ew it was perfect over all the place was really clean the service was great the guy their was very attentive and friendly will definitely stop by again",2024-09-23T02:26:00Z,Dine in,Dinner,$30–50,5.0,5.0,5.0,"Soup, Seafood",,,,,,,
Google,4.0,"Nice crispy orange chicken that you can actually taste the citrus of the orange but still slightly sweet 😋 Came with a side of rice. The Mongolian beef was also savory, good amount of veggies and meat. Though if u prefer more meat this won't have enough for you. They have regular and chicken egg rolls same size for both. Boba thai tea was good and not too sweet like other places. Great place to go 💫",2022-09-13T00:59:24Z,Dine in,,$10–20,,,,,,,,,,,
Google,1.0,"Hi im from Las Vegas and my experience with this place wasn't the best. There was a lady that gave me a very disturbing look when I walked in. Im sure she works there, and the cashier was...doing his best to be kind. Overall a very uncomfortable environment and the the food was ok.",2026-03-06T01:52:45Z,,,,3.0,1.0,1.0,,,,,,,,
Google,5.0,"Update never mind they just moved locations thank goodness!!! Spicy noodle with tofu level 3, appetizers and orange chicken are my usual go to’s! I’m so sad to hear that this place has closed. Amazing food and great service.",2022-08-05T20:11:23Z,,,,,,,,,,,,,,
Google,5.0,"Love this place! Go there with my co-workers all the time for lunch. Great dishes prepared well, very friendly service, and a relaxed casual atmosphere. Do recommend for a quick lunch. The spicy sauces are done right, too. The vinegar/Thai chili pepper one will kick your butt. Try their lunch specials!",2019-11-16T06:26:42Z,,,,,,,,,,,,,,
Google,5.0,"What a great find. Jenny‘s thai was perfect. They even altered something on the starter menu for us which was really kind to suit our needs. Great flavours, great food, great service, even checked our vaccine proof to rest in. I would definitely recommend",2021-10-27T00:57:26Z,,,,,,,,,,,,,,
Google,2.0,Food Is ok ordered pa ka pow and thought it was minced meat but it was just slices of meat. I was disappointed. Never coming back. There’s a better spot by the 170 up sepulveda they never disappoint.,2024-06-20T21:07:24Z,Take out,Lunch,$10–20,,,,,,,,,,,
Google,5.0,"We ordered delivery for the second time. The food was fantastic again!! I've tried many different Thai restaurants in the last year since we moved to Northridge and so glad we found this spot in Granada Hills!! The flavor is on point!! So many other places are hit and miss!! Everything we ordered is excellent! Beef spicy noodles (aka drunken noodles), shrimp pad woon sen, shrimp & tofu green curry extra eggplant, tom kha seafood soup & shrimp pad see ew. Shrimp, fish and excetera were all fresh!! Next time we will dine in!! This will be our to go place for Thai!! The guy that took our order was nice! Delivery was fast and on time for a large order! Give them a try... you won't be disappointed!!",2021-04-09T23:26:46Z,,,,,,,,,,,,,,
Google,4.0,"Nice and clean, still open when most everything else on the block wasn't. Thankfully! As I had been dreaming of Thai ice tea all day, had two! Service a little slow, all my needs were met, except a place to charge my phone ( everywhere can't be Starbucks ).",2016-11-04T18:59:34Z,,,,,,,,,,,,,,
Google,5.0,"This is a small family owed restaurant and casual. I love that they have booths. The food is very fresh, flavorful, delicious, and home cooking. The serving portions are great and the prices reasonable. It’s the only restaurant I have ever been to that if I didn’t write a review, I would have felt guilty. :). It’s that much of a find. The family is hard working and humble as they provide comfort food.",2025-06-02T01:21:48Z,,,,5.0,5.0,5.0,,,,,,,,
Google,5.0,Three words to best describe my experience at Spice Up Thai? WILL COME BACK !!! Shout to Nikki! For his outstanding hospitality the moment I enter the door!(keep in mind it was closing time !) but yet he still was eager to take my order and I got my Thai food craving fulfilled thanks to SPICE UP THAI!!!,2025-09-13T04:51:58Z,,,$20–30,5.0,5.0,5.0,,No wait,,,,,,
Google,5.0,"Our usual Thai place was full so we decided to come here. So glad we did!! The food is amazing!!! So many options and so much flavor. Options for everyone. I personally got the yellow curry with tofu and it was a 11/10. It seems like everything is freshly made and according to the people I dined with, even the seafood tasted fresh. The service was excellent and our waiters were very attentive and amicable. Highly recommend to anyone who's in the valley. The only downside is that if you dine in during a hot day, it seems they don't turn on the AC full blast or just use fans so maybe consider take out over dine in. Otherwise, try it!!",2023-08-28T19:29:59Z,Dine in,,$10–20,5.0,5.0,3.0,"Soup, Kung Pao Chicken with Fried Rice, Red Curry",,,,,,,
Google,5.0,Hidden Gem 😍 Just find out this place great food clean restaurant kind customer service got spicy beef fried rice awesome love this place,2018-07-20T23:08:23Z,,,,,,,,,,,,,,
Google,5.0,Amazing Thai food. I will definitely be back,2026-06-17T00:36:05Z,,,,,,,,,,,,,,
Google,1.0,"For the cost of the food for take out and the additional charges 3+$ for anything extra: chicken , meat, veggies, shrimp, rice, tofu, “salad”…. you would think it would have been great. I paid additional for mixed veggies and received extra onion strips … I asked for a side salad and received 1 big piece of lettuce with 3 carrots and 2 pieces of cucumber. Paid extra for a fried egg and rice, the egg was delicious , the rice was enough for 1 person but if you are getting for more than 1 person you’re going to pay a lot more than you think you would. The soup wasn’t even that flavored, I’m disappointed. .",2024-11-08T09:55:58Z,Delivery,Other,$50–100,1.0,1.0,,,,,,,,,
Google,4.0,Ordered the chicken larb. Great lunch deal at less than $12 and I was full and content by the end.,2019-08-02T05:14:29Z,,,,,,,,,,,,,,
Google,5.0,"I love this place. If you like Thai food, this is Authentic and EPIC. The Spicy noodle is to die for. The Tom yum and Tom kha soup are AMAZING, and my personal favorite is the Pad see ew (with beef but chicken rocks too!) The service is always friendly and the food is always fresh. Stop by, get some great food and don't forget the Thai tea!",2024-06-17T22:15:40Z,,,,5.0,5.0,5.0,,,,,,,,
Google,5.0,"¡eating at 6:50 pm Pacific DayLight Savings Time on Saturday, 12 August 2023 Common Era or CE formerly known as Ano Domini or AD!",2023-08-13T01:50:34Z,Dine in,,$50–100,5.0,5.0,5.0,,,,,,,,
Google,5.0,"If you’re looking for a cozy place with great food, this is it. The portions are a good size and everything I’ve tried has been delicious. I’ve had almost everything on the menu, and it never disappoints. If you’re in Mission Hills, I definitely recommend stopping by.",2024-10-20T01:04:56Z,Dine in,Dinner,,,,,,No wait,,,,,,
Google,5.0,"I simply LOVE this place. Food is delicious, the workers are lovely, and it is cheap cheap cheap! Not the quality, the price! This little hole in the wall is a GEM in our town. Lunch specials are very cheap and have a variety of selections to choose from. My personal favorite is yellow curry. I also love their coconut soup. If mango and sticky rice is in season, DEFINITELY get it. It is a delicious and refreshing dessert that you wont regret. The interior of the restaurant is cute, it seems like every time I go in there they have some new art to hang on the wall. Its typically quiet and peaceful inside the restaurant. Definitely try, Spice Up Thai!",2019-04-12T15:38:04Z,,,,,,,,,,,,,,
Google,5.0,"Surprisingly good Thai food! Honestly, I wouldn't have expected that here in Mission Hills. The Spicy Beef salad is really well done, and it has good spice and flavor. The Pad Prik King is also pretty good..which I tried it with chicken. I will be happily coming back. The menu is fairly diverse, prices are average for a Thai place...moderately priced. The decor isn't the best, but some of that is owed I suppose to the fact the restaurant occupies part of a strip mall in a not so hot area. And, that is probably what makes the restaurant and the food more remarkable. It isn't great, but it definitely is good. Seriously, the Spicy Beef salad is delicious.. :)",2018-07-16T23:12:22Z,,,,,,,,,,,,,,
Google,5.0,"My favorite Thai restaurant in the valley. The food is delicious (from the Spice Up Fresh Rolls, to the curries, to the delicious Tom Yum)! The service is great, and the staff is very friendly. Parking is a pain, but it's worth it. If you're looking for truly authentic Thai Food, definitely give this little local gem a try. If you're a meat eater, try the beef jerky, you'll be glad you did!",2018-07-01T02:31:59Z,,,,,,,,,,,,,,
Google,5.0,"I cannot rave enough about Jenny's Thai Restaurant! The chef behind all this fabulous food is affable, smart, outstanding - husband Pat. They are an excellent team, care about their customers, the place is immaculate, and they will do anything to please their customers with the BEST! My family and I have frequented their place for 20 Years - even when they were in a previous location. We just followed them. They're WORTH IT! I give them FIVE STARS!!!",2018-06-07T02:35:27Z,,,,,,,,,,,,,,
Google,4.0,"Update since this is no longer Jenny's Thai. I still had a pretty good experience, they took my order the same, though the food and service is not the same. Wherever Jenny is I hope she is happy! She was the best. I will try eating here again, but a little suspicious they kept the same phone number and even reviews. For Jenny's Thai: LOVE IT! The lady who runs the restaurant (still not sure if this is Jenny) is the nicest. I have become a regular, ordering once every couple of weeks and they have never once dissapointed, and with multiple specialized orders. Well priced, good sized portions. Pad Thai amazing, Yellow Curry AMAZING, Pad see eww excellent, Thai tea oh YES etc etc. Highly recommended!",2021-06-17T01:59:19Z,Take out,Dinner,,,,,,,,,,,,
Google,2.0,"Cashier was very rude to CUSTOMER picking up food. Order was for 6 dishes, extra condiments were requested, and rude response was given. "" This is not a sushi restaurant."" That was an unnecessary comment to make.",2025-07-09T20:39:26Z,Take out,,,4.0,2.0,4.0,,1+ hour,,,,,,
Google,4.0,"Your typical mom and pop shop, So nothing fancy. Food is tasty, but the portions are small. If you want a lot, the soups come larger portioned. Good for take out.",2024-02-19T16:41:33Z,Dine in,Dinner,$10–20,4.0,5.0,3.0,"Soup, Beef",,,,,,,
Google,5.0,"Everything I have tried is excellent. This is a lovely place to enjoy really good food for a great price. I especially love the icee drinks they have, they are excellent on a hot summer day. They are quick to serve you. The waitresses are super friendly and greet you with a smile. This really is a hidden gem, very very good!",2018-04-16T10:12:54Z,,,,,,,,,,,,,,
Google,5.0,"This place is exceptional. My brother has not eaten for about 5 days and started to get an appetite, so this was one of his first meals. He and we all loved to food. Service was quick, polit, and professional. I recommend this place highly.",2023-12-24T03:55:29Z,Take out,,$10–20,5.0,5.0,5.0,"Soup, Seafood",,,,,,,
Google,5.0,The orange chicken tastes like heaven. It’s Crispy . not overwhelmingly sweet or sour. It’s just perfect. No after taste as well. I’d come back for that. I had drunken noodles medium level and it was a bit more than medium but I enjoyed it.,2022-12-02T01:21:57Z,,,,,,,,,,,,,,
Google,5.0,"The food is so yummy, it was great trying out this new place & Jayne (Jane?) was amazing she was so sweet and friendly when I came in to order, very accommodating and even brought me water while I waited. It’s so refreshing to go somewhere to order & you’re greeted so kindly with a very positive sweet attitude. Thank you Jayne!",2024-02-17T03:47:10Z,Take out,Dinner,$30–50,4.0,5.0,4.0,,,,,,,,
Google,5.0,"The owners are very welcoming! The restaurant is very clean!!! And the food is very authentic which is what I look for personally. Me and my family have been eating at Spice up thai since their previous location. P.s. they only serve mango sticky rice seasonally, says a lot! Definitely recommend!!!",2024-02-04T23:52:57Z,,,,5.0,5.0,5.0,,,,,,,,
Google,4.0,"the food was very tasty however I asked for a 10 level for my spicy beef salad and honestly the spice level was probably no more than a two. The fried wontons had literally the thinnest slice of chicken to the point where I can almost see through the chicken but they were still tasty.the restaurant was able to bring back Justice with the delicious eggplant that was actually spicy, tasty, full of different flavors. I highly recommend getting that dish.",2019-07-20T22:44:08Z,,,,,,,,,,,,,,
Google,5.0,"Jenny's Thai Resturant is absolutely amazing! The eatery is clean, well decorated, spacious, and comfortable. Jenny, along with her husband, not only prepare amazing cuisine that can satisfy your appetite day after day, but they offer genuine warmhearted hospitality every time and It's honestly what makes this restaurant a staple in the community.",2019-01-11T19:23:45Z,,,,,,,,,,,,,,
Google,5.0,"I have been coming here for a while now due to it being the nearest thai food. Honestly, have enjoyed the food every time. Its never so busy that I can't get a seat which is always a treat, I've always hated to wait for food but that's never the case with this place. I order the usual; yellow curry chicken and steamed rice, sour and spicy soup and pad see yu noodles in beef, tastes SO GOOD! Never gets old. The place is always clean, the docorations are nothing to rave about but that's okay cause it's about the food and the hospitality anyway. The prices are not too bad in comparison to other places I've been. This place has become our little spot. I hope this place continues to be in business for many years to come, it really is underrated.",2019-03-28T17:03:14Z,,,,,,,,,,,,,,
Google,4.0,"I love going to a place called Jenny's and finding out Jenny is actually cooking the stuff back there! That alone deserves a little attention. But the food would still stand well by itself if that cool bit never existed. I'm here once a month minimum. Spicy Beef Salad, ANY noodles, and egg noodle seafood soup. Make sure you visit, ordering on the phone isn't the best way to get this food :)",2019-02-25T14:58:51Z,,,,,,,,,,,,,,
Google,5.0,"One of the best places in the valley to eat. Simple and plain. The food is amazing and the quality of their customer service is top-notch, very friendly people. They are very good with the pricing and they serve generous amounts of quality food with every order. I like their Pad See Ew & Tom Kha the best. They deserve more recognition",2022-05-17T05:45:41Z,,,,,,,,,,,,,,
Google,1.0,"Me & my boyfriend been customers here for the past 6 years but apparently as of today we’re banned only because we didn’t pick up our food 1 time due to us being involved in a car crash. it was an emergency & they didn’t even give us the chance to explain ourselves, 6 years ! We’ve been coming here & because of this 1 time of us not being able to pick up our food we’ve been banned & if we did order the cook only agreeed if we payed an extra $60 on top of a $65 dollar order. Can u believe that ?!? $125 for some chow Meiji , rice , & orange chicken . They should be ashamed of themselves.",2022-05-03T02:43:30Z,,,,,,,,,,,,,,
Google,4.0,Good food & Reasonable prices. The Pad See Ewe was very flavorful but didn't have chinese broccoli (they used regular broccoli instead). The Chicken Satay was nice and peanut dipping sauce was 🔥 Recommend and will visit again,2022-02-15T10:14:01Z,Take out,Dinner,$10–20,,,,,,,,,,,
Google,5.0,"Jenny is the best! She humbly prepares delicious food. Her vegetable fried rice is the best! After trying many places, she delivers the most abundant helping of vegetables in her fried rice. As of June of 2022, their service is takeout only.",2018-08-10T02:59:40Z,,,,,,,,,,,,,,
Google,5.0,"Amazing, authentic, and delicious! Spice Up Thai Eatery is a hidden little gem with wonderful, flavorful, and spicy food. If it's not spicy enough on its own they also have a tabletop wheel of spices to choose from to add that little extra zing! The owner was very kind and attentive. We had the crab Rangoon, Thai Basil Shrimp, Kung Pao Chicken, and Pad Thai shared among 3 people and it was more than enough food with lunch tomorrow as well! Highly recommend the Basil Shrimp and the Pad Thai, but all of the food was Amazing!",2018-09-14T04:16:50Z,,,,,,,,,,,,,,
Google,5.0,Very quiet and cozy place service was on point and the food was very fresh and lots of flavor and the price was very reasonable,2025-12-13T04:34:01Z,Dine in,,$10–20,5.0,5.0,5.0,,,,,,,,
Google,5.0,"After one visit, this is now my favorite Thai place. I had Spicy Chicken Noodle dish. The noodles were fresh, thick and spicy. The chicken was was fresh, soft and moist (not hard like others). Looking forward to my second visit!",2018-10-01T00:20:27Z,,,,,,,,,,,,,,
Google,5.0,"Very good food, not too greasy like other Thai places I've visited. Friendly staff. Family owned place. Very clean. Food took a while to come out but it was fine because it wasn't made until ordered.",2017-03-16T02:43:13Z,,,,,,,,,,,,,,
Google,4.0,"Enjoyed the small bowl of Seafood Tom Kha Kai Soup & it was delicious! Expressed curiosity regarding fresh spring rolls but none happening here. Perhaps if more customers requested them it might become an item? Until then it's all deep fried. Prices so good that it's easy to get TIPsy and pay the love forward. Atmosphere chill, service was inviting, prompt, and genuine.",2019-10-02T02:12:08Z,,,,,,,,,,,,,,
Google,2.0,"Wow, I don't get 🙄 how this place ranked more stars? If the food were exceptional then I could justify the cost. It's a bit too pricey for what you get and I got 3 little skewers with thin strips of 🐔 chicken. Sorry, will not go there again.",2018-01-26T03:51:26Z,,,,,,,,,,,,,,
Google,4.0,"Great food at decent prices. Took a chance on this local Thai eatery and was not disappointed. Favorites include the Tom Yoon Goung soup, Red Curry, and Mongolian beef. Parking around the spot is a little cramped but ample parking on the street and in shopping complex across the street.",2020-04-13T01:56:44Z,,,,,,,,,,,,,,
Google,5.0,"I dont get tired of this place Jenny is the owner and she cooks as orders. Very fresh and delicious. Always order to go when we dont want to cokk over the weekend. It's a small bussiness for what you have to be patient and since everything is made as order it might take a good 20min to be made. Love the Pad Thai Chicken, combination fried rice, glass noodles soup (chicken) but it comes also with shrimp, chicken satay is delis with their peanut sauce and a side salad, also for the little ones the love their orange chicken and beef brocoli( as normal) You got to give it a try. We are regulars and the consistency in the food and service have been lithe same for the past 5yrs since we've been coming. Highly recommended.",2017-10-15T04:02:16Z,,,,,,,,,,,,,,
Google,5.0,They never disappoint! Food is sooo good! Not too greasy like some Thai places. Great friendly service. Its the only place we get carry out from. The best Thai food in town. We eat here a lot,2018-01-14T03:46:29Z,,,,,,,,,,,,,,
Google,5.0,"Food was great and the customer service is the best I have experienced in a long time. The online system got one of my orders wrong. When I called to let them know, they did not hesitate to make things wright. Thank you for the amazing food and service.👍👍🙏🙏",2020-12-19T02:35:38Z,,,,,,,,,,,,,,
Google,1.0,"TERRIBLE! I got the Pad See Ew with Beef and Shrimp My Gawd! Worst Pad See Ew I've had IN MY LIFE! Everything tasted old.. The noodles were dry and flavorless.. the beef was dry and chewy.. the 3 shrimp I paid an extra $2 for must have been old.. because it was Extra Fishy I just had Really good Pad 2 nights before, so I was excited to try it at another place... Boy do I regret that. I also got the ""Dynamite"" Chicken Wings There was surely nothing ""Dynamite"" about them! They taste like Yoshinoya's chicken wings, just as small, yet in a more watery spicier sauce. All around Epic Fail! This just goes to show You Can't Trust People's Reviews I could have went to at least 2 other nearby Thai places.. where I'm sure things couldn't have been any worse.. But this one had the highest rating. (face palm) Not to mention, I asked for chopsticks from the boy at the register, his reply was ""I put two forks in the bag"".. . Forks and Chopsticks are Apparently the Same Thing Everybody! You learn something new everyday! Also the ambiance is more that of a Pizza Parlor than what the pics would lead you to believe, not that it's a bad thing. I gave it a 1 in hopes to even out this stupidly high score of theirs, it was really more of a 2. It didn't appear dirty, in the front at least, and the order was done quickly. Largely cuz no one was there... $23 down the drain I won't be back",2019-05-25T22:29:39Z,,,,,,,,,,,,,,
Google,1.0,Were to start. The food was tasteless and the service bad . Even when ordering for take out they said wait was 20 min and they took 40 . There was 2 customers who came after me and they got there food first . While i was still waiting . Dont recomend it . Curry was bitter and taste less . Friend rice was more like white rice. Its up to you if ud like to waste your money here.,2019-10-26T02:10:18Z,,,,,,,,,,,,,,
Google,5.0,My favorite Thai Restaurant since 2005. Every plate is freshly prepared. The flavor is incomparable. The amount of ingredients in each plate is perfectly balanced.,2022-06-09T00:32:29Z,Take out,Dinner,$10–20,5.0,5.0,5.0,,,,,,,,
Google,5.0,"Came in for some much needed Pad Thai, and I ordered it a la carte, only had about $8 and change on my person. So I order and take a seat, (place is completely empty mind you, not a bad thing AT ALL) and the gentleman pleasantly sets down a small cup of chicken soup, it is LITERALLY tickling the most elegant areas of my olfactory system, (aka my nasal passage ha ha)! This is a surprise to me, (rememeber me ordering a la carte?) and even more so when he brought a lunch special plate, chock full of delicious (and crunchy!) pot stickers, salad, a nice mound of rice and my Pad Thai...JACKPOT! I will DEFINITELY be back, not to expect another free lunch special, but because they were kind enough to offer, and the food was EXCELLENT.",2018-05-10T20:23:26Z,,,,,,,,,,,,,,
Google,4.0,"Great food, but every time I call it’s a 30 minute wait and I end up waiting a extra 5 when theirs only 2 other customers here. Service is just fine. If u got the time its worth the wait",2023-02-15T01:30:27Z,,,,,,,,,,,,,,
Google,5.0,Love this place! Love the curries.. The yellow and panang are soo good and the Beef Pad See ew (sp?) is delicious. We live right across the street and order from here several times a month. Highly recommend.,2017-12-01T02:19:47Z,,,,,,,,,,,,,,
Google,5.0,"Best Thai food I’ve ever had, I highly recommend the sea food soup and the orange chicken, they are simply amazing. The portions are very good for the price! A bargain!",2019-09-25T23:55:12Z,,,,,,,,,,,,,,
Google,4.0,Great food! Loved the green Curry I got the other day. Also loved the combo fried rice. I recommend getting the wontons with plum sauce,2022-08-25T00:17:25Z,,,,,,,,,,,,,,
Google,5.0,Very good Thai food. I like their spicy beef noodles. The service is very polite and helpful and the food is always fresh and prepared on the spot. I recommend to all Asian food lovers.,2020-01-10T06:13:50Z,,,,,,,,,,,,,,
Google,5.0,"Has your standard Thai offerings (pad Thai, panang curry, prik king). What really elevates this humble spot in a strip mall is their tom kha soup, which is definitely one of the best versions I've had.",2018-12-01T04:03:50Z,,,,,,,,,,,,,,
Google,5.0,"Got the Drunken Noodles with chicken, super delicious! A bounty of veggies, great tasting noodles, nice basil bits, and quality chicken. 10/10 would recommend",2020-07-17T00:45:38Z,,,,,,,,,,,,,,
Google,5.0,Nikki and Apple make the best Thai food. Haven't eaten anywhere else .,2025-11-24T05:49:04Z,,,,5.0,5.0,5.0,,,,,,,,
Google,5.0,"Delicious food, generous portions and relaxing atmosphere. Will visit again.",2025-07-21T01:54:53Z,,Lunch,$10–20,5.0,5.0,5.0,,,,,,,,
Google,5.0,Nice clean and quiet place. The owners Jenny and her husband Pat are always very friendly. The food is excellent and good sized portions..not overly priced. I always come back for more.😃,2017-08-11T19:23:22Z,,,,,,,,,,,,,,
Google,5.0,Had the Spicy Fried Rice and Pad See Ew both were great! Quantity was enough for leftovers. Staff is very friendly and courteous.,2018-02-28T04:47:20Z,,,,,,,,,,,,,,
Google,5.0,The tom kha soup and spicy noodles were both amazing! I loved my panang as well! Great $9 lunch special.,2020-12-21T21:42:21Z,,,,,,,,,,,,,,
Google,5.0,"Nothing else to say. 5 stars. Best thai food I've had in a long. long. long. time. Beats Lumkanaad outta the park. Had the spicy noodles, tom kha kai, and beef salad. Perfect heat and acidity. Gotta say it again. 5 stars",2019-10-10T01:24:44Z,,,,,,,,,,,,,,
Google,4.0,"The food was really good and the server was very nice. The only thing I didnt like was the parking, which cant be fixed easy and the price. I felt like the food was just a tad bit too expensive",2018-06-22T04:58:36Z,,,,,,,,,,,,,,
Google,1.0,"Unfortunately, the last time I went, I found not one but two black strands of hair in my takeout order (and my hair isn't black). The cooks do not wear hair nets apparently. Check your food before you eat it.",2018-07-06T15:39:54Z,,,,,,,,,,,,,,
Google,3.0,"We ordered tom yum soup (hey google, if you not synching pictures to my smartphone, I will happily upload my thousands picture collection). Food taste was average.",2016-06-08T16:39:11Z,,,,,,,,,,,,,,
Google,5.0,"Great food, great service and the place is clean. My nephew loves the steamed dumplings and the chicken fried rice is to die for!",2020-03-05T19:38:54Z,,,,,,,,,,,,,,
Google,5.0,Great food for good prices and the owners are friendly. It's way better than Rincome down the street so definitely come here instead. 💯,2022-01-02T22:15:03Z,,,,,,,,,,,,,,
Google,2.0,"Prices are ok, it is a quiet place to eat but when it comes to order by phone; this place is horrible; They never answer the phone and when you get there they tell you: Ohh We keep so busy and the place is empty. They just don't answer the phone, don't expect it. Lucky if you get l",2017-11-06T01:40:22Z,,,,,,,,,,,,,,
Google,5.0,Best Authentic Thai restaurant in Granada Hills. Support local restaurants such as this since there will be a time where thai food will be like the east coast and be bland with no spice.,2021-06-25T07:17:40Z,,,,,,,,,,,,,,
Google,5.0,My favorite place. I love the food and the service is excellent. My boyfriend and I are regulars here. I would definitely recommend.,2022-05-29T19:11:31Z,Dine in,Dinner,$10–20,,,,,,,,,,,
Google,5.0,Absolutely delicious. Had the crab Rangoon and orange chicken. Great price and great quality. Will definitely be back,2018-11-12T20:40:18Z,,,,,,,,,,,,,,
Google,5.0,"Delicious authentic Thai food made with love! Great food, friendly staff, family owned - what more do you need to know?",2019-07-26T06:54:07Z,,,,,,,,,,,,,,
Google,5.0,"Great place, great selection, great price, amazing service. The best Thai food place in the valley! Highly recommend it.",2019-09-25T23:47:58Z,,,,,,,,,,,,,,
Google,5.0,"The best Thai food in the valley, hands down. Yellow curry, chickem pad thai, and coconut soup are my go-to's every time.",2019-08-14T01:54:07Z,,,,,,,,,,,,,,
Google,4.0,This food was absolutely amazing..me and my husband very much enjoyed the food and couldn't stop taking about it. Excellent prices and so worth it!,2013-11-22T07:19:39Z,,,,,,,,,,,,,,
Google,5.0,Food was awesome. Shrimp Pad Thai was great. Not dried out like others.,2022-02-04T15:55:38Z,Take out,Dinner,$20–30,,,,,,,,,,,
Google,5.0,"Satay chicken, papaya salad, and sticky rice were really good. You can dine in. Great customer service. Love it",2021-04-26T03:27:46Z,,,,,,,,,,,,,,
Google,5.0,Came in for dinner after work and it was the perfect meal to complete my night. Service was great! Food was excellent!,2018-02-08T06:03:26Z,,,,,,,,,,,,,,
Google,5.0,"Absolutely Delicious, and very flavorful cuisine. One of my favorites is the Wonton Soup to start",2021-08-14T22:05:59Z,,Lunch,$20–30,,,,,,,,,,,
Google,5.0,Yellow curry and spicy noodles were a 10/10 and the staff is incredibly friendly! Portions are huge!,2023-05-29T03:02:44Z,,,,,,,,,,,,,,
Google,5.0,I super enjoyed coming here with my boyfriend. He was looking for a new Thai place to try and this place was amazing. Will be coming back.,2019-06-04T07:03:46Z,,,,,,,,,,,,,,
Google,5.0,"Really good food, my uncle took me here by surprise and normally I do not like Thai food",2019-01-29T05:05:56Z,,,,,,,,,,,,,,
Google,5.0,The food is always great.,2017-08-13T21:51:42Z,,,,,,,,,,,,,,
Google,4.0,"Large portions, generous with the iced tea ;) Ordered Orange chicken. Was *spicy*, but good. Enough for two people. 👍👍",2018-05-22T23:14:21Z,,,,,,,,,,,,,,
Google,5.0,Great delicious pad Thai at a fine establishment! Jenny is very welcoming and makes you feel at home.,2019-06-01T17:09:48Z,,,,,,,,,,,,,,
Google,4.0,"The food is always fantastic, speacially the spicy shrimp soup #16. One of our favorite places to eat.",2013-03-16T14:42:28Z,,,,,,,,,,,,,,
Google,5.0,Food was delicious and went above and beyond to make sure we were happy with the order. Thank you,2021-06-06T20:38:42Z,,,,,,,,,,,,,,
Google,1.0,"Girl on the counter is more in to heh phone than her job. As I speak, she's in her phone!!! Wow! Service is a thing here in the U.S.A. Everything else is good here",2022-09-25T21:48:20Z,,,,,,,,,,,,,,
Google,5.0,"Always good food and good service, nice and clean, take out only at this time, so phone order.",2021-05-11T05:01:45Z,,,,,,,,,,,,,,
Google,5.0,Really good food. Their orange chicken and pad thai is bomb. Friendly service.,2018-05-19T00:47:38Z,,,,,,,,,,,,,,
Google,3.0,"Okay food. It is a little oily. There are better options in the area, but in a pinch, this place will do. I wouldn't make it a destination.",2018-06-07T08:45:15Z,,,,,,,,,,,,,,
Google,5.0,"Delish authentic food, great service and the owner, Apple is a sweetheart. Highly recomended",2018-05-18T23:43:04Z,,,,,,,,,,,,,,
Google,5.0,"Delicious, fresh and authentic food at a great price, fast service, this place is a real gem!",2019-04-28T04:26:26Z,,,,,,,,,,,,,,
Google,5.0,Good spicy noodles and BBQ pork. The seafood soup was good too. Really thick noodles.,2019-01-01T23:32:45Z,,,,,,,,,,,,,,
Google,5.0,Great food!!! Most authentic I've had outside of Thailand.,2018-11-21T06:06:36Z,,,,,,,,,,,,,,
Google,5.0,Great looking new location with parking! Still the best Thai food in the Valley,2023-01-06T23:28:38Z,,,,5.0,5.0,5.0,,,,,,,,
Google,5.0,Thai food family owned and run good local choice ! When busy they don't answer ! Closed Mondays !,2018-01-23T15:33:45Z,,,,,,,,,,,,,,
Google,5.0,"Exceptional service. A lot of great things on the menu, but where this place really shines is the noodles 👍",2020-03-05T02:37:47Z,,,,,,,,,,,,,,
Google,5.0,The food was delicious and he staff was friendly. Definitely a place to keep going.,2013-08-04T22:20:34Z,,,,,,,,,,,,,,
Google,1.0,Not satisfied at all...portions were minimal for the price and taste did not surprise me.... will definitely not go back!!!,2019-12-28T22:36:32Z,,,,,,,,,,,,,,
Google,4.0,I love the food and the service. Very good price$ and quiet place to eat.👍,2017-04-01T02:48:19Z,,,,,,,,,,,,,,
Google,5.0,Everything was made fresh and so so good. One of my fav Thai spots,2023-02-27T20:49:39Z,Dine in,Dinner,$20–30,,,,,,,,,,,
Google,5.0,"My favorite Thai food outside of Thailand. Excellent, authentic and delicious!",2018-07-01T04:01:26Z,,,,,,,,,,,,,,
Google,4.0,Great tasty place!! Wish the portions are larger than right now.,2020-08-11T11:03:57Z,,,,,,,,,,,,,,
Google,5.0,"Love this place. The food is always excellent, and the service is always top notch",2019-06-22T09:00:30Z,,,,,,,,,,,,,,
Google,4.0,This place had great food but has permanently closed and is being replaced with a Mexican restaurant,2022-07-16T20:20:57Z,,,,,,,,,,,,,,
Google,5.0,"Nice and quiet place to eat. Very good food, great service!.",2017-05-25T21:17:53Z,,,,,,,,,,,,,,
Google,5.0,"Great food, been here several times. Servive is good too",2017-07-20T21:35:23Z,,,,,,,,,,,,,,
Google,5.0,Very small place but so delicious and very affordable lunch special,2018-01-02T20:45:00Z,,,,,,,,,,,,,,
Google,5.0,Food was delicious and they were very friendly and accommodating!,2022-02-12T17:26:35Z,Take out,Lunch,$10–20,,,,,,,,,,,
Google,5.0,Great food great service. The food is the best and the prices are reason.,2018-09-29T22:54:47Z,,,,,,,,,,,,,,
Google,5.0,"Love eating here , the orange chicken dinner combo is my addiction. I can’t seem to try anything else.",2018-10-14T23:50:35Z,,,,,,,,,,,,,,
Google,5.0,"Good food, good prices, a little warm when you dine in, though.",2021-09-14T03:09:47Z,Dine in,Lunch,$10–20,,,,,,,,,,,
Google,5.0,Best pad Thai I've found in the valley hands down. highly recommend!,2021-03-16T04:40:19Z,,,,,,,,,,,,,,
Google,5.0,"Good people ,the food is fantastic. Large portions.",2021-11-17T15:29:47Z,,,,,,,,,,,,,,
Google,5.0,Great family Thai restaurant the food is excellent if you like thai food,2017-07-06T00:14:55Z,,,,,,,,,,,,,,
Google,1.0,I walked in around noon. They were open but no one ever showed up. I was inside and no one was there.,2021-02-19T20:06:30Z,,,,,,,,,,,,,,
Google,5.0,Amazing customer service. Amazing food you are going to enjoy the food.,2020-07-13T20:36:16Z,,,,,,,,,,,,,,
Google,1.0,I drove out of the way here and they are closed at this moment despite their online hours posted on Google,2024-05-30T22:42:22Z,,,,,1.0,,,,,,,,,
Google,3.0,"Nice atmosphere, but the food is hit or miss.",2018-03-17T22:14:27Z,,,,,,,,,,,,,,
Google,5.0,"Love this place, my wife and I have been going here for several years now.",2019-05-27T20:07:15Z,,,,,,,,,,,,,,
Google,5.0,This place has really good Thai noodles and soup.,2022-11-29T21:16:58Z,,,,5.0,5.0,5.0,,,,,,,,
Google,5.0,"Was very good, and tasty food, excellent service.",2019-06-10T04:49:08Z,,,,,,,,,,,,,,
Google,5.0,Best eggnoodle seafood soup ever! The noodles are seasonsed!,2017-09-14T21:32:10Z,,,,,,,,,,,,,,
Google,4.0,"The food is delicious, but the restaurant smells so bad.",2018-09-12T19:39:52Z,,,,,,,,,,,,,,
Google,5.0,The food was delicious and the service was outstanding.,2020-01-05T14:15:39Z,,,,,,,,,,,,,,
Google,5.0,Great flavor.... that's the most important part of a restaurant,2020-02-15T14:37:57Z,,,,,,,,,,,,,,
Google,4.0,"My go to place for quick, easy & yummy Thai food.",2018-09-04T23:31:27Z,,,,,,,,,,,,,,
Google,5.0,Very sorry to see this place gone. I am not from the area and loved coming here when I visit my local friends.,2022-08-14T02:33:23Z,,,,,,,,,,,,,,
Google,4.0,Pretty good food. But proportions are a little small,2016-12-20T22:52:58Z,,,,,,,,,,,,,,
Google,5.0,My wife and I make it a ritual every Friday to go after work and have a nice dinner,2017-09-04T17:28:51Z,,,,,,,,,,,,,,
Google,5.0,Great prices and food is BOMB!!!,2024-12-05T03:11:51Z,Take out,,,,,,,,,,,,,
Google,1.0,They are never open. Every time I try to go there for lunch after 12 noon they are not open.,2022-08-27T23:37:58Z,,,,,,,,,,,,,,
Google,5.0,The food is really good !! you have to try it...,2019-08-02T22:23:23Z,,,,,,,,,,,,,,
Google,5.0,"Best pineapple fried rice in the Valley , so tastey",2017-06-04T21:18:49Z,,,,,,,,,,,,,,
Google,5.0,Delicious soup in this nice small locale! A must try!,2017-04-24T19:36:23Z,,,,,,,,,,,,,,
Google,5.0,Good food. Very nice owner!,2020-01-06T18:56:41Z,,,,,,,,,,,,,,
Google,5.0,Great food and reasonable prices!,2019-09-14T07:09:22Z,,,,,,,,,,,,,,
Google,5.0,Love their food!!!! Never dissapointed,2019-05-13T16:47:09Z,,,,,,,,,,,,,,
Google,5.0,Authentic Thai food with reasonable prices,2019-07-28T21:05:40Z,,,,,,,,,,,,,,
Google,5.0,Excellent curry and pad Thai...everything is good,2018-01-02T00:45:57Z,,,,,,,,,,,,,,
Google,4.0,"You wouldn't even know it's here, but when you find it, it's good!",2017-05-26T00:24:37Z,,,,,,,,,,,,,,
Google,5.0,Love their food and customer service 👍🤗💯,2019-09-26T20:45:03Z,,,,,,,,,,,,,,
Google,5.0,Soup and Padthai was ummy,2025-07-10T08:26:18Z,Delivery,,$10–20,5.0,5.0,5.0,,,,,,,,
Google,5.0,Best Thai food so far in this valley,2012-10-04T21:06:16Z,,,,,,,,,,,,,,
Google,5.0,Very good food the best thai food ever,2012-10-04T21:03:04Z,,,,,,,,,,,,,,
Google,1.0,The customer service at this restaurant is very poor. I tried calling over the phone and no answer.,2019-03-27T23:37:36Z,,,,,,,,,,,,,,
Google,5.0,"Very friendly, delicious coconut soup",2019-10-03T03:21:51Z,,,,,,,,,,,,,,
Google,4.0,Great Thai food in this part of the valley.,2018-07-27T22:23:45Z,,,,,,,,,,,,,,
Google,5.0,Anyone know why they closed? Are they going to open somewhere else?,2022-09-21T22:23:54Z,Delivery,Dinner,$10–20,,,,,,,,,,,
Google,5.0,Excellent food at good price,2018-11-14T21:19:43Z,,,,,,,,,,,,,,
Google,5.0,Best Thai food in the Valley,2023-08-05T23:50:59Z,,,,5.0,5.0,5.0,,,,,,,,
Google,5.0,Hot Hot Hot Thai. And I'm Mexican,2017-10-19T23:17:08Z,,,,,,,,,,,,,,
Yelp,5.0,"I have personally been a customer for over 7 years almost 8 . The food is always incredible . In store is very quiet , calm , clean & staff is friendly . You can order online the food is just as great . Unlike other Thai spots around !",2026-03-12T22:58:41Z,,,,,,,,,"San Fernando Valley, CA",112.0,26.0,0.0,0.0,0.0
Yelp,3.0,"I recently ordered the yellow curry with tofu online, and the process was incredibly straightforward. While I had high expectations for my meal, I found the vegetables undercooked and overly crunchy, especially the potatoes. Despite this, I appreciated the generous portion size.",2026-08-06T04:47:33Z,,,,,,,,,"Los Angeles, CA",104.0,26.0,0.0,0.0,0.0
Yelp,5.0,"I'm always in search of incredible Thai food and I stumbled upon this place and wasn't disappointed . It's a spot with a simple design, around 8 tables and with incredible aura. Something about the vibe made me feel so relaxed, so at home. A kind waiter brought the menu and told me about some of the favorites. I ended up going with Spicy Basil entree with chicken. The chicken was perfectly sautéed, had great savory flavor and was very tender. It was cooked together with basil, carrots slices, onions, green peppers and mushrooms. The brown sauce wasn't overpowering the ingredients. The flavors were well balanced and worked together in harmony for me to get that perfect bite. Honestly, it's one of the best Spicy Basil chicken dishes that I've had in LA. Will definitely come back to try more food!",2025-10-05T01:05:10Z,,,,,,,,,"Porter Ranch, Los Angeles, CA",354.0,26.0,1.0,0.0,1.0
Yelp,5.0,Pad Thai is amazing! Yummy chopped up peanuts with bean sprouts and lime. I asked for medium spice and it was flavorful and perfect spice that I have been looking for. I called an order for pick up and it was ready when they said it would be.,2026-06-09T03:17:07Z,,,,,,,,,"Brentwood, Los Angeles, CA",16.0,,0.0,0.0,0.0
Yelp,5.0,"I came here for lunch with my family after visiting our loved ones at the nearby cemetery. My late father's last dish was pad thai, so we wanted to honor his memory, and previous reviews for Spice Up Thai were promising. The ambiance was simple and clean, and we felt very comfortable during our stay. We had fried calamari and the lunch special, which comes with soup, rice, a salad, and fried dumplings. The fried calamari was freshly made and had a great crunch, and the dipping sauce had a nice little kick to it. I chose panang curry with tofu, my brother chose kung pao chicken, and my mother chose the mixed vegetables with chicken. My dish was delicious, and my mom and brother were also very pleased with their meals. The young man who served us was very nice, and service was prompt. Prices are more than reasonable, and the lunch special is, in my opinion, a great deal.",2025-03-29T23:33:11Z,,,,,,,,,"Silver Lake, Los Angeles, CA",365.0,26.0,0.0,0.0,0.0
Yelp,4.0,"Was skeptical at first but the prices for the portions are very reasonable. Flavors were there and service was attentive and had your classic Thai Offerings like Tom Yum, Tom Kha, Pad Thai, and so much more. The combination fried rice was packed with flavor and had chicken, beef, and shrimp. Really good.",2025-07-21T19:59:57Z,,,,,,,,,"Los Angeles, CA",3242.0,26.0,0.0,0.0,0.0
Yelp,4.0,Had a hard time finding this gem but it was worth driving around for a bit until I found them. They have a free lot next door so keep your eyes peeled. We were welcomed and told to sit anywhere upon arrival. Tables were clean and well arranged. We had our order taken quickly and got our food pretty fast. The restroom key is needed for access which is a good sign. Our food was warm and well prepared. I thought it was delicious and almost felt homemade. Service was friendly and efficient. I would go back in a heartbeat. Thanks for a delicious and friendly experience. Portions are big. We had to take leftovers home.,2026-01-12T17:27:57Z,,,,,,,,,"La Crescenta-Montrose, CA",238.0,,0.0,0.0,0.0
Yelp,5.0,"I recently dined at Spice Up Thai and was thoroughly impressed by both the exquisite cuisine and the impeccable service. The menu showcased a variety of thai dishes, blending bold flavors and beautiful presentations. The attentive and knowledgeable server ensured that our meal was a memorable one, providing excellent recommendations and ensuring our satisfaction. Pad thai: 10/10 more than enough was served. Amazing flavors over all. Spicy Basil: 10/10 so many flavor in the thick both love the thai leaves as well. The dumplings for the appetizer and thai Thea to wash it all down. Everything was great I'd definitely recommend this spot!",2024-09-27T05:20:45Z,,,,,,,,,"San Fernando Valley, CA",188.0,26.0,0.0,0.0,0.0
Yelp,5.0,This place always hits the spot. They're orange. Chicken is amazing and crispy. I live in the area and whenever I don't know what to eat I always come here and never disappointed. I hope more people come and eat here to enjoy their food. Really nice to have a hidden gem close by.,2026-06-11T21:27:33Z,,,,,,,,,"Van Nuys, Los Angeles, CA",12.0,,0.0,0.0,0.0
Yelp,5.0,Some of the best Thai food I've tried in the U.S. - especially the Tom Yum noodle soup was incredibly flavorful with the right amount of acidity. Would come back again,2025-10-21T04:19:21Z,,,,,,,,,"Granada Hills, Los Angeles, CA",1.0,,0.0,0.0,0.0
Yelp,5.0,"Ahhhhhh jumping up and down with joy!!!! I am so happy this restaurant reopened. This is our go to spot for many years. The owner and cooks are so nice and very accomodating. We would come here weekly when they were located on Chatsworth and Balboa, they had closed down and they have now moved to Mission Hills. The food here is so good, I really enjoy the Tom Kha soup, the chow mein, roti curry, veggie fried rice, I mean they have so much to choose from. The restaurant is clean and we love coming here.",2024-02-13T02:18:40Z,,,,,,,,,"Northridge, Los Angeles, CA",1409.0,26.0,18.0,6.0,16.0
Yelp,5.0,It's was so good. Thank you for keeping the food fresh and delicious. The service was good Quite and peaceful,2025-01-27T00:27:35Z,,,,,,,,,"Burbank, CA",33.0,,0.0,0.0,0.0
Yelp,5.0,The only failure here was I forgot to post photos of my amazing selection yellow curry and papaya salad was fabulous service top notch,2026-04-22T21:00:41Z,,,,,,,,,"CA, CA",56.0,,0.0,0.0,0.0
Yelp,5.0,"I'm really happy that I found Spice Up Thai bc there food is pretty delicious Service is great, they're friendly & the music is pretty eclectic which is fun bc I was presently surprised at what was going to play next. My boyfriend & I have gone twice so far & we absolutely love their: - Orange chicken 5/5 - Pad see ew 5/5 - Tom yum soup 5/5 - Tom Kha 5/5 Yellow chicken curry w veggies 3/5 a little watery for me I thought we had gotten their fried wonton's before & my bf reminded me that we ordered them a diff time from a diff place after I had already ordered them 1/5 not enough stuffing for the amount of fried wonton there is",2024-11-07T22:07:27Z,,,,,,,,,"Los Angeles, CA",69.0,,0.0,0.0,0.0
Yelp,2.0,Walk in & no one is sitting down eating the music is blasting Notorious B.I.G. Walk up to the counter and out comes a man over worked and asked me what I want. Politely tell him I need another two minutes to view the menu. By the way he's also the only one answering phone and running back and forth to the kitchen. I ordered Pad See Ew and Steamed Chicken Dumplings. I have a seat and start noticing that this places is out dated and definitely needs some work. A woman appears from the back and shouts at the man to answer the phone. At first I thought maybe she doesn't speak English since I said hello to her and smiled while she put two drinks at my table I didn't order. She doesn't make eye contact and doesn't say anything back: extremely rude and made me feel awkward. Phone rings again and shouts out to him the phone is ringing and to call the customer back. dumplings 3/5 pad see ew: 3/5 I have been here 3 times and I've had the pad see ew 2 times and I still think they are below average on flavor. I once had the orange chicken and that's incredibly delicious and worth it. The dumplings didn't taste out of this world and I'd never recommend anyone to get them. You lost me as a customer. 06/21/24,2024-06-22T13:17:34Z,,,,,,,,,"San Fernando, CA",559.0,,1.0,0.0,1.0
Yelp,3.0,"Cute little restaurant, neat and clean. Service is fast and courteous but the food itself is mid-range. Authentic, but flavors are ok. I would recommend as a solid pick for a first time Thai experience. White Rice was a bit dry, costs extra We had Pad Thai, Pineapple Fried Rice, Nam ploy? Beef Salad(served with uncooked cabbage leaf quarter chunk) not really recommended), Chkn satay, Yellow Curry.",2023-07-02T13:53:27Z,,,,,,,,,"West Hills, CA",149.0,26.0,0.0,0.0,0.0
Yelp,5.0,"Each visit to this establishment impresses me with its exceptional food, carefully chosen music, and the young owner's dedication to every aspect of the dining experience. 10/10",2025-07-15T03:46:33Z,,,,,,,,,"Los Angeles, CA",57.0,,0.0,0.0,0.0
Yelp,5.0,Visited Spiced Up Thai tonight.....was craving Pad Thai......loved it. Also had their cucumber salad....crunchy and bright with red bell pepper & chopped red onion. The owner is very friendly and nice.. I suggest everyone go and try their Pad Thai,2026-03-02T02:48:30Z,,,,,,,,,"North Hills, Los Angeles, CA",5.0,,0.0,0.0,0.0
Yelp,2.0,"We ordered to go; the food was mediocre. For $70 it was not worth it, we ordered through Yelp and by the time Yelp informed it was ready to be picked up, my husband went and the staff had not even seen the order yet. This restaurant accepts orders by the time they open but do not adhere to customer service. Again, the food was okay.",2026-01-08T19:44:05Z,,,,,,,,,"Panorama City, Los Angeles, CA",13.0,,0.0,0.0,0.0
Yelp,5.0,Very solid pad thai! It's usually the first thing I get when trying a new thai place. My friend let me try the Tom kha soup and the broth was very tasty. I went during lunch time and only 1 persons was working the front. I'm surprised it wasn't busier. Would like like to try it again!,2025-05-26T01:02:44Z,,,,,,,,,"Los Angeles, CA",41.0,,0.0,0.0,0.0
Yelp,5.0,"This is a super great find! Family owed. The food is very fresh, flavorful, delicious and reasonably priced with excellent size servings. I value this place so much I felt urged to write this review believing they so deserve all the support they can get. They are humble and work hard to serve fabulous home cooking.",2025-06-02T01:05:20Z,,,,,,,,,"Encino, Los Angeles, CA",40.0,,0.0,0.0,0.0
Yelp,5.0,I frequent this place for their Thai soup. It's full of flavor and the staff is very friendly.,2025-05-09T12:33:20Z,,,,,,,,,"Los Angeles, CA",15.0,,0.0,0.0,0.0
Yelp,5.0,"Never get deceived by external appearance, how true this is and especially for this place. We were driving from LA to SFO and it was about time for lunch, we looked up for a thai food place nearby and we saw this place was not too far from freeway, so we added a stop. When we came near the restaurant, the place outside didnt look great but as usual I trusted yelp and went inside this place. The service is quick and we ordered grilled veggies and kung pao chicken. I ordered the iced coffee too. Except for the iced coffee which was way too sweet, everything else tasted so good. The veggies were cooked so well with their sauces and tasted delicious. The side of brown rice was also unique and tasted great. We were glad that we decided to stop here and try this place.",2023-08-14T06:05:30Z,,,,,,,,,"Torrance, CA",257.0,26.0,1.0,0.0,1.0
Yelp,5.0,Such great authentic food in a small home style restaurant! Will definitely be back! If you're looking for a Thai spot in the valley this is definitely the place!,2025-06-12T02:12:11Z,,,,,,,,,"Pacific Palisades, CA",38.0,,0.0,0.0,0.0
Yelp,4.0,"Small little hole in the wall in my neighborhood. Food is tasty and came out quick! Pad See Ew with beef 5/5 - well balanced flavor. Papaya salad 4.5/5 - got it in a medium but it's more mild otherwise super greasy and great taste! BBQ pork 5/5 - just the perfect amount of char, juicy and the lime chili dipping sauce is perfect.",2023-12-29T03:19:08Z,,,,,,,,,"Los Angeles, CA",21.0,,0.0,0.0,0.0
Yelp,5.0,I have to tell you I just love this place. I'm partial it's in my neighborhood and I like to support my neighbors. The food I think is great. The service is pretty good and the ambience is OK. It's my neighborhood Thai restaurant and I would go there any day.,2024-02-20T04:44:56Z,,,,,,,,,"Sepulveda Basin, Los Angeles, CA",67.0,26.0,0.0,0.0,0.0
Yelp,5.0,We have been here a few times (throughout the years) and Also ordered delivery . We are just a few minutes away. Always so tasty and made to perfection. The drunken noodles are a must try . Panang Curry is my favorite and of course we can never forget the spicy fried rice. the staff is always super friendly . You need to stop by! P.S : Don't forget to order their Thai Tea!!!,2021-07-28T18:22:25Z,,,,,,,,,"San Fernando, CA",497.0,26.0,0.0,0.0,0.0
Yelp,1.0,"We wanted so badly to like this place because it looked quaint (in the best way) and the menu looked amazing. However we tried THREE times to eat here and were turned away each time. We tried different weeks (within different months), different days of the week, and different times of day. Every single time we were told that they didn't have most of the menu available, so the most we could get was maybe one soup or a salad of some sort. We're tired of trying at this point and won't be making a fourth attempt.",2024-11-08T18:24:39Z,,,,,,,,,"San Fernando Valley, CA",109.0,,0.0,0.0,0.0
Yelp,5.0,"First time here with my daughter and this place is amazing. The food is fresh and very tasty so glad to have found this place, will definitely be coming back.",2023-11-26T22:37:47Z,,,,,,,,,"Magnolia Park, Burbank, CA",57.0,,0.0,0.0,1.0
Yelp,5.0,Super flavorful food. I was really impressed by the soup -- coconut one -- and the curries. Pad se ew was also delicious.,2025-07-14T19:43:18Z,,,,,,,,,"Los Angeles, CA",10.0,,0.0,0.0,0.0
Yelp,5.0,"I'm not a big Thai food person but this place has converted me. Their pad see ew and pad woo sen are scrumptious! Also liked their chicken satay. Prices are reasonable too. Only thing is, their AC is weak so it might be a little hot.",2023-08-03T03:38:11Z,,,,,,,,,"Los Angeles, CA",93.0,,2.0,0.0,1.0
Yelp,5.0,The best Thai food in the Valley. I drive about 5 miles and I bring all my friends and family here and they never disappoint.,2024-11-03T20:26:10Z,,,,,,,,,"Los Angeles, CA",10.0,,0.0,0.0,0.0
Yelp,5.0,First time eating here the food was amazing greatly recommended. The food was fresh and tasted amazing with all the right spices.,2025-06-21T00:41:09Z,,,,,,,,,"Mission Hills, Los Angeles, CA",1.0,,0.0,0.0,0.0
Yelp,5.0,Happy to see our favorite Thai place opened up their doors again but this time at a new place. Thank you Spice up Thai for cooking our favorite plates Looks like you have alot of regulars. That's nice to see.,2022-11-17T04:50:44Z,,,,,,,,,"San Fernando, CA",17.0,,0.0,0.0,0.0
Yelp,5.0,"The Tom Yum soup and yellow curry chicken are delicious. But the Tom Yum soup is one of the best I have had, it is rich in taste and has a slightly unique taste. A one of a kind, hole in the wall spot.",2024-12-28T03:57:29Z,,,,,,,,,"Los Angeles, CA",28.0,,0.0,0.0,0.0
Yelp,5.0,I ordered their Tom Yum Kai and requested that they make mine soup with no spice at all. I have stomach issues that cause me to not be able to eat spicy food anymore. They did exactly what I requested and it was perfect! Everywhere else I have ordered from I ask for no spice and it still spicy. I will definitely be ordering my soup from here from now on. Thank you!,2024-11-23T21:01:50Z,,,,,,,,,"Anaheim, CA",16.0,,0.0,0.0,0.0
Yelp,4.0,Very affordable and everything taste amazing!! Thank you for such authentic food! I give a minus star because they take forever to make your food so be prepared to wait whether its take out or in house.,2023-07-24T01:12:46Z,,,,,,,,,"Los Angeles, CA",130.0,,0.0,0.0,1.0
Yelp,5.0,The basil pork noodles and Thai tea! Love coming here even after they moved away from Granada Hills. Very underrated.,2024-08-14T03:34:00Z,,,,,,,,,"Sylmar, CA",3.0,,0.0,0.0,0.0
Yelp,5.0,"I was looking for a new thai spot to try for lunch and I ran across this place. Really enjoyed the beef pad see ew! Big portion. And the broccoli wasn't over cooked. Chili sauce on the side added the perfect amount of spice. Thai tea was also delicious. If you like sweet, you'll love it. Total meal came out to be around $15. Service was good and fast. They have a bunch of lunch specials too, which I'll likely try next time I stop by.",2022-01-27T03:17:50Z,,,,,,,,,"Inglewood, CA",697.0,26.0,1.0,0.0,0.0
Yelp,2.0,"This restaurant was not that great. I ordered pad thai, it was blah, it was not that great. The only thing I liked before I ate there, is it was close to my house. Would not order from them again. I didnt eat in restaurant my order was to go. Vics Thai Food in North Hollywood I would suggest",2024-10-26T22:50:51Z,,,,,,,,,"San Francisco, CA",2.0,,0.0,0.0,0.0
Yelp,5.0,Hands down the best Tom yum and fried rice you will possibly find. Service is always exceptional as well. Highly recommend if you've never tried the place.,2024-09-22T22:30:14Z,,,,,,,,,"Poipu, Koloa, HI",3.0,,0.0,0.0,0.0
Yelp,5.0,"Legit Thai place with one of the best beef fried rice. We ordered the pad sew with shrimp, basil chicken, egg rolls, chicken curry, and beef fried rice. The kitchen accidentally made broccoli chicken first and they brought it out as well. Everything was well flavored and perfectly cooked. Friendly service, we were the only ones dining in but as we enjoyed our meal a lot of people came in for pick up and they were consistently delivering food. Thai level spicy so make note. Real kick you in the face spicy. Parking is in a small shared lot and can be tough.",2020-01-26T21:41:00Z,,,,,,,,,"North Hills, CA",898.0,26.0,0.0,0.0,1.0
Yelp,4.0,"Great flavors! We ordered the Tom Kha Kai, Masaman and the Prik King. Every dish had a wonderful strong flavor! Perfect amount of spice as requested. But the amount of protein added was not up to par with the price point. Because of that it loses a star.",2023-02-28T14:47:08Z,,,,,,,,,"San Fernando Valley, CA",111.0,26.0,1.0,0.0,1.0
Yelp,5.0,"I thought of trying this place for lunch and wasn't disappointed. The young gentleman that works there was the most patient server I ever had. I stared at the menu for a very long time and couldn't decide what to order so he made some suggestions. I wasn't super hungry but hungry enough to eat small portion so I decided to try their orange chicken. Oh my goodness! It was one of the best tasting orange chicken I ever had! Crunchy on the outside and very moist on the inside. The salad was great too and dumplings tasted really good as well. I had my food prepared for to go since I knew I couldn't finish and ate the rest for dinner. Great customer service, great food and great price. Nicky was the one who waited on me and was so friendly and super patient with me. I can't wait wait to try other items on their menu. Also, I got Thai ice tea which was really good too and not watered down like other places that put too much ice in it. Highly recommend this place",2022-03-01T04:31:33Z,,,,,,,,,"Granada Hills, CA",295.0,26.0,0.0,0.0,0.0
Yelp,5.0,I have gotten dinner about a half dozen times. I really love the coconut soup with noodles. The staff is always friendly and food is always nice and hot!,2024-06-07T02:54:45Z,,,,,,,,,"San Fernando Valley, CA",98.0,,0.0,0.0,0.0
Yelp,5.0,BEST THAI FOOD! So happy to have them back! They used to be located on balboa and recently took over another Thai Restaurant. If you live in the area run don't walk to try this gem. The Pad see ew is amazing!! Another two of my favorites are the prik king and Panang curry.,2022-11-30T03:22:12Z,,,,,,,,,"Los Angeles, CA",14.0,,2.0,1.0,3.0
Yelp,5.0,"This has been my go-to Thai spot for YEARS! Such a hidden gem and we'll worth every penny. Their food is fresh and always with just enough heat. I get the pad see ew with beef and sometimes mix it up and get it with chicken (both options are EPIC!) Also, the owner got me addicted to Thai Tea which I had for thr first time at this place and is now a must have every single time I stop in. Definitely give this place a chance and spread the word, they deserve the love!",2024-04-01T22:20:31Z,,,,,,,,,"Los Angeles, CA",256.0,,0.0,0.0,0.0
Yelp,5.0,"The food is delectable! Great depth of flavor. We ordered two dishes and enjoyed both. The yellow chicken curry was creamy with a sweet but balanced coconut flavor. I asked for mild spice which was perfect (cannot handle too spicy). The shrimp pad woon was also a winner! The thin noodles were packed with so much flavor. It came with a scrambled egg, carrots, green onions, mushrooms, tomatoes, bean sprouts, bell peppers, celery, some cabbage bits and topped with cilantro. To sum it up, I will go back and definitely get these two dishes again. I think it may be my new favorite Thai spot. The only suggestion is if you are not a patient person, then call it in ahead of time to pick up. It took 30 mins to pick these items up for phone order. I had no issue with waiting but maybe for some people short on time- I suggest to plan ahead.",2023-02-27T03:58:19Z,,,,,,,,,"Northridge, Los Angeles, CA",34.0,,0.0,0.0,1.0
Yelp,5.0,"Wish I would have taken pictures . Sorry I was starving, had a long drive just got back from Culver City . Getting back home to the valley, I came across this amazing Thai restaurant. I ordered egg rolls as an appetizer and red curry with shrimp as my entrée. Let me tell you , it was all delicious and delightful . The flavor , the quality and the taste . Don't miss out on this jewel of a place . The staff is so polite and accommodating. The ambience is chill and calm. Will definitely be back . Thank you Spice Up Thai Eatery .",2025-02-22T04:46:53Z,,,,,,,,,"Los Angeles, CA",3.0,,0.0,0.0,0.0
Yelp,3.0,"We were craving for Thai food. The restaurant is located in a tiny plaza with a 711 store. The food portions were pretty generous. The spicy beef salad had the solid flavors of salty & ample acid. Nonetheless, the beef was a bit tough to chew. Hubby liked the pad see ew. The chicken pad thai was decent.",2021-08-27T18:18:56Z,,,,,,,,,"Los Angeles, CA",541.0,26.0,0.0,0.0,0.0
Yelp,5.0,"Some of the best Pad Thai, Drunken Noodles, and Panang Curry! Great staff and very reasonably priced.",2025-02-07T13:21:04Z,,,,,,,,,"Granada Hills, Los Angeles, CA",11.0,,0.0,0.0,0.0
Yelp,5.0,"Man this place is great , the curry is ridiculously delicious , I recommend you eat there but it still taste amazing when you do takeout ..... don't sleep on the pad Thai",2025-01-08T02:32:13Z,,,,,,,,,"San Fernando Valley, CA",2.0,,0.0,0.0,0.0
Yelp,5.0,"Best Thai food in the North Valley. Soups are fantastic. Regular is really spicy, so go easy.",2022-10-02T22:00:08Z,,,,,,,,,"Los Angeles, CA",69.0,,1.0,1.0,1.0
Yelp,5.0,"New location next to Papa John's. Glad they're back, this is the only Thai place we like in the Valley. Came in for a weekday lunch and got Panang Curry lunch special $11 comes with curry, soup, salad, rice and dumpling. You can never go wrong with Pad see ew. Different location, same great tasting food!",2022-12-08T04:04:48Z,,,,,,,,,"Los Angeles, CA",293.0,,0.0,0.0,0.0
Yelp,4.0,Excellent lunch special tofu yellow curry I even ordered food for later that night to take away,2022-12-03T22:09:36Z,,,,,,,,,"Palmdale, CA",270.0,,0.0,0.0,0.0
Yelp,5.0,It's a small place I walked in. There was a couple there waiting for food when I paid for my food. The lady at the desk it said oh pre-king is my favorite. I said it's mine too. I brought it home. It is so delicious. I asked a couple in that restaurant if they have been here before and they said we are returning customers it is so tasty here I believe it the curry I had today was delicious and the pad breaking was also very good. Thank you.,2024-12-09T02:01:16Z,,,,,,,,,"Santa Clarita, CA",13.0,,0.0,0.0,0.0
Yelp,5.0,"The best thai food restaurant in town. The owners are very welcoming. My family has been coming here for 7 years (even at their old location). My husband loves their coconut soup, and I enjoy the orange chicken and pad see-U. The restaurant is clean and my daughter loves coming here too!",2024-02-05T02:52:01Z,,,,,,,,,"Miami, FL",27.0,,0.0,0.0,0.0
Yelp,5.0,"My Wife and I found this little gem on doordash a few years ago and have been going once a month ever since. Hands down the best shrimp fried rice and tom yum noodle soup you will possibly find in the valley and quite possibly all of LA area. The tom yum and fried rice is soooooo flavorful, i've never had a bad visit. Their food is so consistent. The staff is also super friendly and attentive. Highly recommend if you're ever in the area.",2023-11-06T04:20:22Z,,,,,,,,,"Los Angeles, CA",13.0,,0.0,0.0,0.0
Yelp,5.0,This place has one of the best orange chicken you can find. It's crispy and delicious. No after taste. No over whelming sweetness. Just perfect. I also had drunken noodles. I enjoyed it great,2022-12-07T00:13:12Z,,,,,,,,,"Fountain Valley, CA",35.0,,0.0,0.0,0.0
Yelp,5.0,"I think they kept the last cook from when it was Thai Basil, because the food is amazing. Some of the best Thai food I've had in a long while. FYI- their Medium spice level is slightly on the spicier side of med. same fr when it was Thai Basil. Unless you prefer your food to be on the spicier side, I'd rec you order one dish med and one dish mild or no spice. Ex. Med- eggplant entree + no spice - pad see ew. It will help balance out your palate Ordered the following and it was perfect for 2 plus leftover for the next day. 1) med spicy- Eggplant w chicken 2) no spicy- pad see ew w beef 3) med spice - spicy beef salad (next time I'd get mild spice, the heat was strong because it's salad) 4) mild - garlic green beans w chicken 5) small rice Total: $44 This place will be my go to Thai in the valley!! Be got some back ups, but this place is legit!",2020-05-18T19:48:00Z,,,,,,,,,"Las Vegas, NV",39.0,26.0,1.0,0.0,0.0
Yelp,4.0,Cool local spot around the corner from our place. Nice staff and super good deals and large portions. Will totally be back especially for the lunch special,2023-09-22T17:32:53Z,,,,,,,,,"Los Angeles, CA",65.0,,0.0,0.0,0.0
Yelp,5.0,The Tom Yum Shrimp is the best. Nicky the owner is very friendly and always provided the best service.,2024-11-03T20:30:56Z,,,,,,,,,"Los Angeles, CA",1.0,,0.0,0.0,0.0
Yelp,5.0,"Very small place, the sup was awesome, I definitely recommend. l really like the soup and the rice.",2023-01-14T04:24:56Z,,,,,,,,,"Granada Hills, Los Angeles, CA",8.0,,0.0,0.0,0.0
Yelp,5.0,"The food is so yummy, it was great trying out this new place by our house. Jayne (Jane?) was amazing she was so sweet and friendly when I came in to order, very accommodating and even brought me water while I waited. It's so refreshing to go somewhere to order & you're greeted so kindly with a very positive sweet attitude. Thank you Jayne!",2024-02-17T03:48:14Z,,,,,,,,,"Encino, Los Angeles, CA",13.0,,0.0,0.0,0.0
Yelp,5.0,"I was craving Chinese/Thai food. This restaurant was the closest. We got in, it was nothing fancy but let me tell you the food was really good. We got seafood soup we finished so fast I didn't take a picture. Chow mein was so good I liked the smokiness. Broccoli beef was regular. If you want good food, you don't care defensiveness of a restaurant this is a place to be.",2023-01-09T05:12:30Z,,,,,,,,,"San Fernando Valley, CA",5.0,,0.0,0.0,0.0
Yelp,3.0,"First time! Love the free delivery within 3 miles option, even though I came in this time. No one was in the restaurant so service was super fast. I ordered shrimp rad nah and the egg rolls. The egg rolls looked like lumpia. They're skinny and super deliciously crunchy. Veggie filled. There were like 8 mini egg rolls in the order. I love these, I could probably eat 2 orders. The rad nah had a really strong toasty flavor. Good but stronger than I'm used to. Adding shrimp was $5 extra on a $9 dish. Most other meat or tofu is a $2 charge. I think there were 5 shrimp in the whole dish. I don't know if that's work $14 dollars but the food was still good. Nice to have a fast Thai place down the street, l definitely be back.",2017-09-24T00:51:27Z,,,,,,,,,"Los Angeles, CA",407.0,26.0,5.0,2.0,4.0
Yelp,5.0,"Really good lunch specials... I tried the Mongolian beef, it had good flavor with a lot of fresh garlic which I loved.. next time I will be trying the beef basil... the place is nice and neat, the service is fast and the prices are great.. my lunch special included two small pot stickers, white rice, a delicious simple salad and the Mongolian beef for 12.00. I will definitely come back and try other items in the menu.",2024-02-14T21:12:46Z,,,,,,,,,"Palmdale, CA",70.0,,0.0,0.0,0.0
Yelp,5.0,Trying it for the second time today because the first time was delicious! What a little gem in the neighborhood. Will make it one of our top choices moving forward.,2023-08-19T23:08:03Z,,,,,,,,,"NORTH HILLS, CA",31.0,,0.0,0.0,0.0
Yelp,5.0,"5 stars for their $8 LUNCH SPECIAL! I got the SPICY BASIL. For $8 you get a hearty soup of mushrooms, chicken and lemongrass, main dish, rice (I got brown rice which was $.50 extra), egg roll, and salad. I ordered mine with mild spice and it was perfect. Portion was great in that it wasn't too filling and they gave enough vegetables and shrimp (shrimp was $2 extra but I had a coupon for $2 off). I ate it all feeling perfectly full minus the feeling of food coma. The Spicy basil sauce was nice and savory with a good balanced kick. Egg roll was nice and crispy without the oiliness. Salad was okay-I'd rather have romaine over iceberg lettuce though. It's located in a plaza so there's ample parking. Lunch special is from 12-3pm I believe.",2017-09-07T20:29:46Z,,,,,,,,,"Los Angeles, CA",310.0,26.0,4.0,2.0,6.0
Yelp,5.0,My friend Arthur keep taking me to this place and it is the best. He introduced me to me to the Tom yum shrimp soup and now I am addicted to it. The owner Nicky is very nice and provides excellent service.,2024-11-03T21:14:14Z,,,,,,,,,"Jefferson Park, Los Angeles, CA",1.0,,0.0,0.0,0.0
Yelp,4.0,Really good Thai restaurant situated in the corner of a commercial complex. The food was really good and the customer service was awesome! The actual restaurant was somewhat clean. The food came out pretty quick and were served in decent/big sized portions. I really like their chicken pad sew ew and yellow Thai curry. A definite hole in the wall!,2019-08-14T10:09:55Z,,,,,,,,,"Woodland Hills, CA",515.0,26.0,2.0,0.0,1.0
Yelp,4.0,"This is like mom and pop restaurant. Everytime I go here, it has been the same guy who serves, which is nice, so you build that relationship to that restaurant itself. Located by the intersection at the small plaza. The restaurant was not very easy to spot, nearby the pizza place. Place is small but not too small. Food comes in a decent time. I had Crab fried rice which is my favorite, I always get this everytime I got here, the flavor is just perfect. I also had the drunken noodles. Interestingly, I am not into their pad thai. Service is good. I will keep coming back and would love to try more food on the menu but I am hooked with the crab fried rice =D",2020-03-23T01:05:24Z,,,,,,,,,"Burbank, CA",197.0,,0.0,0.0,0.0
Yelp,5.0,"Great authentic Thai flavors. Great service, affordable prices. My favorite dish is pad ka prow with extra basil. Must try. Sorry, it looked so good, I didn't take a picture of it.",2021-10-08T02:48:26Z,,,,,,,,,"Los Angeles, CA",57.0,,1.0,0.0,1.0
Yelp,5.0,"Great Thai food, super service Nice that it's a local hole in the wall mom and pop restaurant. Supporting small business",2021-03-17T20:50:23Z,,,,,,,,,"Los Angeles, CA",24.0,,0.0,0.0,0.0
Yelp,4.0,"Food was flavorful and tasty. We had the Combo fried rice, noodles & garlic chicken. We will be back!",2023-06-29T01:24:53Z,,,,,,,,,"Lomita, CA",26.0,,0.0,0.0,0.0
Yelp,3.0,Tom yum soup was too sweet. Chicken skewers were very dry and meat was tough. Fried rice was nice. I wanted to try a different place but i dont think j will be a repeat customer. I know for the $$ there are better options out there. Nice staff poor food.,2021-08-30T21:36:59Z,,,,,,,,,"Porter Ranch, CA",12.0,,1.0,0.0,0.0
Yelp,5.0,"grrrrreat food! get the combination fried rice, its the bomb cant recommend enough do it do it do it",2024-08-02T08:04:53Z,,,,,,,,,"San Fernando Valley, CA",76.0,,0.0,0.0,0.0
Yelp,2.0,3 stars at best. We ordered delivery a few weeks back and I wasn't thrilled with our food The Pad Thai was clumped together and the flavors were off as well Food was not hot when it was delivered but it was on time Not sure if I recommend going here or not,2022-02-08T01:28:56Z,,,,,,,,,"Porter Ranch, Los Angeles, CA",176.0,,0.0,0.0,0.0
Yelp,5.0,"This is a very good Thai restaurant. We ordered orange chicken, chicken pad see ew, Mongolian beef and cheese wontons. Not greasy or oily. Really good chicken and beef. If looking for a better Thai/Chinese place in the valley this is it. Highly recommended.",2023-02-15T15:56:28Z,,,,,,,,,"Los Angeles, CA",36.0,,0.0,0.0,1.0
Yelp,5.0,"Food was on point. Delicious fried tofu red curry, orange chicken was so crunchy and delicious . Squid salad amazing!!! Definitely coming back!!!!",2023-04-02T02:57:53Z,,,,,,,,,"Northridge, Los Angeles, CA",58.0,,0.0,0.0,0.0
Yelp,5.0,Small hole in the wall Thai Food in a sketch shopping center! My kind of place!!! My wife and I had their egg fried rice and it was simple and delicious. Next was their pad thai. noodles are skinnier than the typical flat pad thai noodles but it made no difference - this dish was also very tasty! one of the better pad thai that we've had. We will be back!,2021-03-29T18:08:32Z,,,,,,,,,"San Fernando Valley, CA",56.0,,1.0,0.0,0.0
Yelp,5.0,Delicious food! I will be ordering from here again. Fast service. I highly recommend you give this place a try. I'm new to trying Thai food and this place was awesome.,2023-04-13T18:58:33Z,,,,,,,,,"Valley Glen, CA",20.0,,0.0,0.0,0.0
Yelp,5.0,"I just came here for my first time ! Ahhhh I can't describe how good it was, it was authentic and they serve so much ! I recommend it to anyone in the valley, I got there shrimp fried rice with only egg and onion. The food and the service was awesome. The guy cashiering was really nice and so was the lady who came out to give me my sauce and food. Thank you for the experience and the food. I will be coming back. Worth it. PS they put foil to keep it hot ! Genius",2020-06-14T21:53:20Z,,,,,,,,,"San Francisco, CA",3.0,,0.0,0.0,0.0
Yelp,5.0,Delicious Thai food and good service. Family owned restaurant with a home cooked feel. Never disappointed,2024-02-10T04:45:56Z,,,,,,,,,"Tarzana, Los Angeles, CA",52.0,,0.0,0.0,0.0
Yelp,5.0,"Everything we ordered was delicious and we were very impressed with the quality and presentation of the food. They have some really skilled chefs in the kitchen! The only thing that I didn't love was the Thai iced tea - it is very sweet but otherwise what you'd expect. Very generous sized cup, which was a nice surprise. Our server was very patient and kind. Not super attentive but definitely a nice guy and ready to help. Easily the best Thai restaurant I have been to in the valley and would happily go back.",2022-05-12T02:16:19Z,,,,,,,,,"Pasadena, CA",5.0,,0.0,0.0,0.0
Yelp,5.0,"Friendly, service, great food you have to come here.. If you don't like thanks Sweet asked for the food without sugar. They are very, accommodating to vegetarians and vegans. Had mixed vegetables and the Coconut lemongrass soup soup absolutely amazing! My friend had the shrimp glass noodle salad she loved it and she also had crab Rangoon said those were out of this world!",2017-02-15T03:30:38Z,,,,,,,,,"St. Petersburg, FL",674.0,26.0,0.0,0.0,1.0
Yelp,3.0,"It was A-Ok. I kept trying to grab the taste of Thai spices and it was just not kicking for me. Spices needed to be elevated more. I ordered the sweet and sour pork and shrimp pad thai noodles. The meat was not the best -- small chunks of meat that were chewy and no real flavor (more sour than sweet -- not even balance). The Pad Thai Noodles taste the same and I kept adding sweet and sour sauce and another sauce but it wasn't working. The wontons were hard, dry and tasteless. The salad was the best -- very fresh and I loved the dressing. I just felt like I wasted calories. I waited a cool 35 mins for my food but the ambience was nice, relaxing and it is a cool spot. I'll give them benefit of the doubt based on their four stars that maybe it was just a rough night in the kitchen or I should have tried one of the signature dishes. I'll give them another try in the future. Happy Yelping #SYOY",2018-10-01T20:32:06Z,,,,,,,,,"Granada Hills, Los Angeles, CA",370.0,26.0,1.0,1.0,1.0
Yelp,3.0,"I really wanted to like this place but it's a solid Meh, from me. Not horrible but not great either. I ordered from Door Dash and had a few issues with the food. I ordered Cashew Nut Chicken, Tofu Pad See Ew, Vegetable Pad Thai and a side of brown rice. I usually prefer Beef Pad See Ew but for some weird reason, you can't order beef on any of the dishes when ordered through Door Dash. The Pros: -The serving sizes compared to the price is an absolute steal. You get huge portions for cheap. -The food arrived quickly and hot. -It was packaged great and didn't spill or make a mess. -The Cashew Nut Chicken was good and the only thing I have a complaint about is it was not at all spicy even though that's what I asked for. The Cons: -My Pad Thai didn't come with Pad Thai Noodles. Usually the noodles are flat rice noodles and what I got was skinny, round rice noodles similar to Spaghetti noodles. The tasted the same but it was odd. -The Pad Thai was a dark brown and was even darker than my Pad See Ew. Pad Thai is supposed to be a light brown or light orange shade. This makes me think they probably use the same pan for all of the noodle dishes and don't clean it in between. It didn't taste burnt but didn't taste like fresh Pad Thai and look really unappealing. -The Pad See Ew was good but doesn't have the most flavor, it was a little bland. Overall though I did prefer it over the Pad Thai. I hate leaving bad reviews and if you check my history you'll see that I literally never do but I don't think I would order from here again. It doesn't seem like it's the freshest. I usually spend $50-$70 on this exact order for half the portion size at my other Thai spots; But I would honestly rather spend more for less if it's fresher than getting this huge portion. Quality over quantity in my opinion.",2020-06-05T20:49:04Z,,,,,,,,,"Los Angeles, CA",37.0,,3.0,2.0,0.0
Yelp,2.0,"Inauthentic. Not very good I'm sad to say. * Pad Thai - Bland, overcooked noodles. Overcooked chicken. * Papaya Salad - Also bland. Dressing is missing the citrus. Beef Salad - Underseasoned. Also missing citrus. Fried Tofu - The one good thing we got. Well fried and good sauce. We won't be ordering again.",2020-07-20T02:53:50Z,,,,,,,,,"Los Angeles, CA",109.0,,1.0,1.0,0.0
Yelp,5.0,"We ordered delivery for the second time. The food was fantastic aga!! I've tried many different Thai restaurants in the last year since we moved to Northridge and so glad we found this spot in Granada Hills!! The flavor is on point!! So many other places are hit and miss!! Everything we ordered is excellent! Beef spicy noodles (aka drunken noodles), shrimp pad woon sen, shrimp & tofu green curry extra eggplant, tom kha seafood soup & shrimp pad see ew. Shrimp, fish and excetera were all fresh!! Next time we will dine in!! This will be our to go place for Thai!! The guy that took our order was nice! Delivery was fast and on time for a large order! Give them a try... you won't be disappointed!!",2021-04-09T23:23:49Z,,,,,,,,,"San Fernando Valley, CA",42.0,,0.0,0.0,0.0
Yelp,5.0,"2nd time tried it! Quick order and easy pick up for take out. Very small parking lot in small plaza. I had fried wonton, Tom Khan Soup & Spicy Noodle. Really good and perfect for shareable! Also had a Thai tea, but its too sweet for me, so I had to had water myself to less the sweetness. Overall, its really good and affordable for meals!",2020-12-02T04:41:06Z,,,,,,,,,"Los Angeles, CA",350.0,26.0,0.0,0.0,0.0
Yelp,5.0,Absolutely scrumptious Thai Curries. Me an baebae came here to get our crunch on and we absolutely loved it! Thanks for the spice al cien ciaooooo,2021-12-12T01:06:40Z,,,,,,,,,"Los Angeles, CA",46.0,,0.0,0.0,0.0
Yelp,5.0,So happy to see they are open again. We got food last night and it was soo good! The same great food as before and the same great owners. I prefer the new location. Better parking lot and shopping center. No more random homeless people walking around.,2022-11-19T20:19:27Z,,,,,,,,,"San Pedro, CA",10.0,,0.0,0.0,0.0
Yelp,3.0,I ordered the spicy beef salad and it was pretty good but I'm giving it 3 stars because half the salad was made with mostly onions. Look at picture. I was going to let this slide but the guy at the counter was rude when I asked for a fork claiming that it was already in the bag and it was NOT even in the bag so he gave me attitude for nothing and it prompted me to write this review.,2021-05-18T01:26:37Z,,,,,,,,,"Los Angeles, CA",96.0,,0.0,0.0,0.0
Yelp,5.0,Very clean establishment friendly staff the food I have ordered even trying something different every time I go is delicious. I appreciate that you don't have to ask for condiments unless for something extra. This is my favorite Thai place in town and I recommend anyone to go try it at least once while in the area.,2023-05-10T18:04:21Z,,,,,,,,,"Los Angeles, CA",23.0,,0.0,0.0,0.0
Yelp,1.0,Ordered pad Thai and the noodles were the wrong ones. They were like the skinny spaghetti and it was over cooked. Barely had any sauce. It was a gross mess,2023-12-02T22:01:48Z,,,,,,,,,"Sylmar, Los Angeles, CA",30.0,,0.0,0.0,0.0
Yelp,5.0,"This place is very good. Already been coming here 4 times and everything has been good so far, great service and delicious food. We have yet to try their soups so that is next on our list. Thank you Spice Up Thai",2018-02-15T06:01:03Z,,,,,,,,,"San Fernando, CA",22.0,,2.0,0.0,1.0
Yelp,5.0,This is a SUPERB Thai food place!!!! Their THAI ICED TEAS ARE TO DIE FOR! Food is ready super quick! I'm amazed at how fast the food came out after we ordered. The lighting in here is also romantic once it hits the evening time. Perfect for date night!!!!!,2018-03-12T01:43:20Z,,,,,,,,,"Sylmar, Sylmar, CA",14.0,,1.0,0.0,3.0
Yelp,3.0,"Three stars means A-OK and Spice Up Thai Eatery was definitely A-OK. I had been meaning to order from here for a while but just recently got around to doing so. I only ordered Pad Thai, which is my go-to dish for Thai restaurants. Theirs was perfectly adequate and I enjoyed it, but I have had much better (also much worse, so keep that in mind). I asked for and received a side of Thai peanut sauce which was not to my liking. I would guess that it was too vinegary but not being a Thai food expert, I'm not sure if that was the actual problem. I would avoid that on any future visit. Close enough to be convenient, I will probably return.",2018-09-02T20:58:54Z,,,,,,,,,"Simi Valley, CA",634.0,26.0,0.0,0.0,0.0
Yelp,5.0,"!!!!BEST Thai food in the SFV!!!!! Love the food. Ask for Apple, she's the best of the best. I've had a variety of their dishes from almost each category & I've never been disappointed. I also had them cater an event & everyone loved it. Below is what I've tried. Everything has been delicious & portions are very generous. Whenever possible, I order my food medium-spicy(love spicy food) & ask for their assortment of chilies on the side. If you aren't into spicy, order as is. DRINKS: Thai Iced Tea (with & without boba) APPETIZERS: Fried Tofu Fried Wontons Dynamite Wings Crab Rangoon(Wontons stuffed with crab & cream cheese) SALAD: Spicy Beef Salad SOUPS: Glass Noodle Tom Yum Soup Tom Kha Soup NOODLE SOUP: Tom Yum noodle Tom Kha noodle PAN FRIED NOODLES: Pad Thai Pad See Ew Spicy Noodle Chicken Noodle CURRY: Yellow Pineapple FRIED RICE: Pineapple Crab Shrimp MAIN DISHES: Spicy Eggplant Mongolian Beef Kung Pao Chicken Orange Chicken(the best ever) DESSERT: Sweet Sticky Rice with Mango Coconut ice cream",2018-01-12T22:44:54Z,,,,,,,,,"Los Angeles, CA",2.0,,2.0,0.0,1.0
Yelp,4.0,Cute little Thai restaurant that is worth trying if you are around the area. The shopping center that it is located in can be a little difficult to find parking. Try parking in the shopping center adjacent where the Walgreens is located. Prices are reasonable and portions are generous. They also have lunch specials and various dinner specials. I usually get their pad thai and it is very tasty. The staff is friendly and have provided us with additional food and drinks when the wait for the food was too long. Will definitely come back.,2020-04-22T23:00:40Z,,,,,,,,,"Los Angeles, CA",140.0,,0.0,0.0,1.0
Yelp,2.0,Orange chicken simply not good. Chewy dark meet chicken that was questionable. Not quality. Panang curry was just red sauce that was spicy. No real curry flavor. Would not order again.,2022-05-08T03:59:55Z,,,,,,,,,"Los Angeles, CA",88.0,,0.0,1.0,0.0
Yelp,1.0,If I could give this place 0 stars I would. Horrible place the kid working there yells at you when they have messed up your order and they are not willing to fix it. They have not customer service whatsoever that's why they are always empty.,2022-01-10T02:53:30Z,,,,,,,,,"North Hills, Los Angeles, CA",16.0,,1.0,0.0,1.0
Yelp,5.0,Yum! My husband and I ordered the Combination fried rice and Beef Pad See Ew and it was delicious! Best Thai I have had in a long time. Definitely will be back to try more dishes!,2023-01-07T04:34:06Z,,,,,,,,,"Van Nuys, CA",40.0,,0.0,0.0,0.0
Yelp,5.0,Very good tom kha soup and pad see ew And owners are really nice And their calamari so good,2022-01-25T01:47:22Z,,,,,,,,,"Los Angeles, CA",9.0,,1.0,0.0,0.0
Yelp,1.0,This restaurant have a good food but bad customer service the man who took the order at the counter was rude and complained about us because it was hot and they don't turn on the air conditioning in the restaurant even when we asked,2021-09-18T06:09:18Z,,,,,,,,,"Mariposa, Glendale, CA",10.0,,2.0,2.0,0.0
Yelp,5.0,"This place place is absolutely delicious. Our family orders from this restaurant quite often and we are never disappointed. You can absolutely tell this establishment cares about the quality of their food. My kids, who are very picky eaters, love the food from this restaurant. I highly recommend everyone try this Thai restaurant. If I can give it more stars I would. Enjoy!",2022-03-14T02:02:53Z,,,,,,,,,"San Fernando, CA",17.0,,0.0,0.0,1.0
Yelp,5.0,"Good food, big portions and customer service I had leftovers for lunch and they still tasted amazing",2022-01-16T03:57:12Z,,,,,,,,,"Sylmar, Los Angeles, CA",11.0,,1.0,0.0,0.0
Yelp,5.0,Food is always amazing and so is the Thai Tea. Service is always friendly and prompt. I would recommend them all day long!,2022-01-15T02:24:53Z,,,,,,,,,"Granada Hills, CA",11.0,,1.0,0.0,0.0
Yelp,5.0,"Good food, nice size portions. Old and bland decor but very roomy inside. Staff is very friendly .The parking sucks here also. Very tiny lot.",2017-08-18T15:56:46Z,,,,,,,,,"Santa Clarita, CA",894.0,26.0,2.0,1.0,1.0
Yelp,5.0,"Spice up Thai has some of the best Thai food in the valley. Nikki and Apple are totally adorable. Great customer service great food. If you love Thai food, you must eat at Spice Up Thai.",2023-10-14T05:31:16Z,,,,,,,,,"Beverly Hills, CA",25.0,,0.0,0.0,0.0
Yelp,5.0,"Local spot- our go to Thai fix! Food is always flavorful, hot and fresh. Go-to's- Papaya salad Coconut ginger soup w/tofu Pad Thai w/ chicken or shrimp Pineapple fried rice Pad See Ew w/ tofu",2020-07-07T17:43:11Z,,,,,,,,,"Los Angeles, CA",271.0,,0.0,0.0,0.0
Yelp,1.0,"Ordered through Yelp and my order came quicker than I expected but they did not care to read instructions on my order. They got all of it wrong. Ordered the Pad Thai and asked for no eggs. My food was filled with eggs. Ordered the Tom Kha Noodle soup and no noodles, just the soup. Asked to substitute fish sauce on any of the dish that contained it to soy sauce. They probably didn't do that either. I'm Vegan so I avoid any animal products in my food. Someone reviewed that they're able to make things Vegan so I gave it a try. Never again! Thought I could trust this place, but I was wrong. It's what I get for being lazy I guess. I'm not feeling too well so had I wanted delivery..",2017-09-25T21:58:50Z,,,,,,,,,"Los Angeles, CA",98.0,,1.0,0.0,1.0
Yelp,5.0,Amazing food and good customer service. Nam tok beef salad was the best!! I'll be back soon!,2023-05-26T21:49:23Z,,,,,,,,,"Fountain Valley, CA",36.0,,0.0,0.0,0.0
Yelp,5.0,Every time I come here I'm greeted and treated very nice Place always looks clean and taking care of. The food here is simply amazing. You can tell that it was prepared and cooked very well.,2019-10-26T02:51:30Z,,,,,,,,,"Los Angeles, CA",22.0,,1.0,0.0,0.0
Yelp,4.0,"I have been here maybe three times now. The first time I placed a large order online and picked it up on my way home. I'm not sure if it was made right away and was sitting for awhile before I picked it up, but once I got home and ate, it did not taste good. I live only 3 minutes away so it couldn't have been the drive between the two. After this I swore I wouldn't eat here again. The second time I ate here was because my cousin was shocked that my first experience was anything but great. She eats here constantly and assured me that I would enjoy it. So we met up for lunch and ate in the restaurant. This time was WAY better than my first experience. The third time was right before going to the movie theater. I was with some family and friends. We got seated right away and our orders were taken quickly. The older lady came out and was talking to us, which made the whole experience so much better. The food exceeded my expectations this time. I will definitely be back. The only reason for not giving them 5 stars is the inconsistency. I'm sure I will update after a few more visits.",2019-06-10T16:29:27Z,,,,,,,,,"Los Angeles, CA",89.0,,3.0,0.0,0.0
Yelp,5.0,"I love the pad Thai! I got the lunch special, and with it you get: egg roll, salad, rice, and soup along with your choice of entree! I wasn't a huge fan of the soup, it was too gingery/ lemony for me. However the pad Thai was great! It's was flavorful and did not feel greasy at all. The pad Thai was a bit smaller than I expected, but for the price and everything you get with it, it was a STEAL! The place is on the smaller size and is very quiet. The staff is friendly and nice! Will be coming back again",2017-07-07T03:46:20Z,,,,,,,,,"Valencia, CA",50.0,,1.0,0.0,1.0
Yelp,5.0,SPICE UP THAI EATERY IS THE MOST GENUINE AND FRIENDLY ONE. We order food for friends and family they make it less salt of spicy as needed. Always love their service . Thank you Blessings,2019-09-05T21:46:23Z,,,,,,,,,"Los Angeles, CA",5.0,,1.0,0.0,0.0
Yelp,5.0,Simply amazing Thai food in the area!! The spice and flavor are so on point I got the spicy noodles with chicken and spicy chicken wings. I would highly recommend this place if you love spicy food. The new owner took over and change the name and food quality.,2017-04-13T19:06:10Z,,,,,,,,,"Glendale, CA",46.0,,2.0,1.0,1.0
Yelp,3.0,. Honestly not bad but not great either the food taste is very strong not like the other Thai places that are more mellow and easy coconut flavors and instead they are heavy on the spices. The soup is super salty but the rolls are very fresh. The potatoes And the curry were not cooked at all and was very crunchy and the chicken instead was very overcooked. The green bean garlic was super oily. But the tile man was very good.The service is OK all in all not disappointing but not excellent either . Staff are very friendly,2019-07-29T05:33:03Z,,,,,,,,,"Daytona Beach, FL",312.0,,1.0,0.0,0.0
Yelp,5.0,"Good Thai food (and some Chinese dishes) at reasonable prices. We've had the spicy basil, the coconut soup, pad see ew, pad kee mao, orange chicken. All we're really good.",2022-05-19T17:28:15Z,,,,,,,,,"San Fernando, CA",16.0,,0.0,0.0,0.0
Yelp,5.0,"Unexpected delicious hole in the wall. We always order their tom yum seafood, Thai fried rice, and beef jerky!",2019-04-26T02:27:25Z,,,,,,,,,"Downtown, Los Angeles, CA",61.0,,2.0,0.0,1.0
Yelp,4.0,"I've eaten in here once and have gotten delivery from here plenty of times. The food is delicious and they don't shy away from the spice, as you would expect from the restaurant name. My only complaint is that the food portions are a bit small. To be satisfied, if you didn't order a fried noodle or fried rice dish, you need to order at least a main dish and a side of rice. As disappointed as I am by the portions and annoyed that they charge you for rice, they are still my favorite delivery Thai place. I don't like them enough to eat in here though. The place is clean but small, with a slightly fast food feel. It's fine for lunch but not a place to take a date.",2019-12-18T02:19:41Z,,,,,,,,,"Granada Hills, CA",86.0,,0.0,0.0,0.0
Yelp,4.0,"This place was pretty good! I ordered the typical chicken Pad Thai and beef Pad See Ew dishes plus tried the Orange Chicken. Food: The portion size was awesome. For about $10 for each noodle, I felt I got my money's worth. The Pad Thai has really good flavors - no complaints. FYI - they use the thin pho noodles. As for the Pad See Ew, I wasn't a fan because of the flavors. They add finely ground pepper (maybe white pepper) which gives it a kick but it was too overpowering. There was also an unidentifiable taste/smell that reminded me of bamboo shoots, but there weren't any bamboo. The Orange Chicken was really crunchy and delicious. I ordered this to go and I needed to roll the window down because the vinegar smell was extremely strong. The sauce is super flavorful too, which is perfect to pair with rice. I probably wouldn't order this dish again only for health reasons. They are able to get the chicken crunchy because it's deep fried until it's almost burnt. Parking: Not great. It's a tight corner lot shared with other businesses including 7eleven. I went to pick up during non-rush hour and the lot was full. Overall: Good Thai food and portion size, would go back if in area.",2019-11-05T01:46:44Z,,,,,,,,,"Los Angeles, CA",68.0,,0.0,0.0,0.0
Yelp,5.0,This place has amazing food and customer service. They have a great variety of food to choose from.,2022-07-08T16:55:31Z,,,,,,,,,"North Hollywood, CA",2.0,,0.0,0.0,0.0
Yelp,5.0,"I ordered delivery yesterday and received excellent food, fast delivery. There was an issue with the order, and it was rectified immediately. I love this place, and appreciate the warm attitude, fast service, delicious food. Thank you. This is my fourth year loving your restaurant.",2021-04-09T02:08:39Z,,,,,,,,,"Fair Oaks, CA",206.0,,1.0,0.0,1.0
Yelp,1.0,"Went in today, the menu changed and they no longer have the garlic pepper chicken. The guy working was a total jerk and claimed he has never had that dish!!! And then claimed the menu hasn't changed in two years!!! If you look at allllll the pictures of the yellowish menu its on there!! We will no longer be coming here!!",2022-03-07T03:22:39Z,,,,,,,,,"Whittier, CA",151.0,,0.0,0.0,0.0
Yelp,4.0,"Great job Apple! This is a hole in a wall but filled with lots of spices and flavor! True to the taste of Thai cuisine. Parking is tough in this corner complex (Chatsworth/Balboa) next to 7-11 but worth the trip. Perfect size menu options and each dish is definitely made with care. If you don't like spicy food even if it's mild, this is not for you. Probably best to eat here in person based on delivery experience comments in other reviews. This is definitely up in my local restaurants to frequent!",2019-01-14T04:08:56Z,,,,,,,,,"Northridge, CA",250.0,,3.0,0.0,1.0
Yelp,2.0,"After a 45minute wait, my soup finally came. Problem is the rice i ordered with it didnt, nor did the Thai iced tea I ordered, as a matter of fact not even a spoon. So now I'm sitting here staring at this pot with nothing to do! I'm so disappointed. FYI- the 5 stars are given by everyone is because they offer free appetizer with Yelp Review!!",2017-02-20T03:05:19Z,,,,,,,,,"Pacoima, CA",147.0,,2.0,0.0,0.0
Yelp,5.0,Back today and it's been too long. Trying to shake a cold and was craving soup. Soup was well balanced and perfectly seasoned. Not too salty or sweet and just the right amount of heat for me. Hot tea was also offered after I mentioned that I had a cold and it too mad me feel better and was delicious. Finished up with mango sticky rice all very good. Hope to be back soon,2019-06-27T00:33:57Z,,,,,,,,,"Reseda, CA",17.0,,0.0,0.0,2.0
Yelp,5.0,Great food! Best Thai food restaurant that we have found. The food is actually spicy and flavorful.,2021-12-13T03:55:40Z,,,,,,,,,"Paramount, CA",9.0,,0.0,0.0,0.0
Yelp,5.0,"By far the best Thai food I have EVER HAD!!! I've had a lot of Thai food. I've been to LA, Valencia, Antelope Valley, West Valley and I've never had such delicious Thai. I've had good Thai but not to make me say ""it's the best I've ever had!"" I got the spicy noodles with chicken and Thai tea. Both times I got the same thing and both times it was phenomenal. This is definitely going to be my Thai spot!! Love it.",2019-09-20T03:20:43Z,,,,,,,,,"Santa Clarita, CA",111.0,,0.0,0.0,0.0
Yelp,5.0,Excellent Thai food with awesome service! The food is always delicious and generous portions!,2022-05-13T20:45:32Z,,,,,,,,,"Los Angeles, CA",6.0,,0.0,0.0,0.0
Yelp,5.0,"This is our local thai spot for easy delivery. The guy that answers the phone is always nice, quick, and efficient. Our food usually arrives within 20 minutes. It's hot, fresh, and tasty.",2021-06-19T20:28:53Z,,,,,,,,,"Issaquah, WA",38.0,,0.0,0.0,1.0
Yelp,5.0,Have to admit this was a back up location since the place we planned to eat was closed for the day. What a great find! The food is incredible. Made fresh And the hospitality is also great. We had a dinner special and another entree. I work in Chatsworth and found a new lunch place,2020-01-27T21:39:56Z,,,,,,,,,"Los Angeles, CA",50.0,,0.0,0.0,0.0
Yelp,5.0,"What a gem in Granada Hills! I just found my go-to Thai Food restaurant. Literally down the street from my house so it's pretty convenient for me to get here. They have awesome service! The owner (Apple) came up to me and personally welcomed me - super sweet. Super nice cuz I came in by myself since I'm sick. She is so friendly! I figured some Tom Yum Noodle Soup with Shrimp will help my cough and congestion. I'm certain that this soup is the best Tom yum I've had... best with noodles. Seriously get it with noodles- you'll love it. Soft and perfect. I'm a noodles kinda gal though- but it gives a good texture to it. Thai tea is delicious- I'm pretty picky about Thai Tea and this was so good. Seating: Come in and they greet you. If there is enough room they will let you choose your seat. Best time to go is for lunch- they have a good deal on their lunch specials. I just missed it- its 11:00- 3:00 pm... but they're delicious. Parking: they have a private lot in front. Located by the 7eleven. Might have a tough time but There's always FREE street parking available. Ambiance: casual more like home feeling. It's simple- I like it. They have beautiful light fixtures. Random but they're so unique. TIP: CHECK IN and let them know how you feel about your experience on yelp. They thank you with free Thai Tea, Egg Rolls,or Gyoza.",2017-02-06T23:49:29Z,,,,,,,,,"Granada Hills, Los Angeles, CA",251.0,,1.0,0.0,1.0
Yelp,3.0,"Don't know what happened tonight, but our food was not very good. We usually love the dishes here but this time.....No flavor, flat sauce, tons of undercooked onions. Almost like Chinese food but plain. Maybe the regular chef couldn't make it. Maybe we'll try again but after 50+ $s, I expected better.",2021-04-02T06:45:27Z,,,,,,,,,"Los Angeles, CA",5.0,,1.0,0.0,0.0
Yelp,2.0,It was fine . I was not able to pick the spicy level on the curry and it was way to spicy for me. The glass noodles was ok.,2021-12-23T05:36:19Z,,,,,,,,,"Lawndale, CA",11.0,,0.0,0.0,0.0
Yelp,3.0,"I was excited to try out this place but was very disappointed in the food. We ordered fried wonton with chicken as an appetizer, There was barely any chicken in it and the taste of the chicken was off. We also ordered green curry soup with veggies and with brown rice. The waiter forgot to mention that ordering brown rice is extra $2. Besides that the curry had old cabbage in there which had black color around the corners of it.it was very disappointing because the curry tasted old. Please use fresh ingredients! Service was good The place was clean Thai tea was good! The food didn't taste good",2017-07-09T20:10:11Z,,,,,,,,,"Burbank, Los Angeles, CA",115.0,,0.0,0.0,0.0
Yelp,5.0,It was just amazing! First time at this place. We ordered Wonton soup and Fried rice. We didn't expect the way how nice they'll serve the soup. So we shared the meal. Everything was super delicious. Inside was nice and clean too. They do have lunch specials but we didn't try it. I believe our check was $20 for two meals. Recommend this place.,2017-12-14T04:06:38Z,,,,,,,,,"Los Angeles, CA",53.0,,0.0,0.0,0.0
Yelp,1.0,Ewe !!!!!!! Food wasn't so great !!!!! Service was good.... food upset my Taste buds Most like won't come back,2018-11-01T19:16:09Z,,,,,,,,,"San Fernando, CA",23.0,,2.0,1.0,0.0
Yelp,5.0,"MY FAVORITE THAI FOOD EVER. Amazing flavors, must have - pad see ew, shrimp tom yum, orange chicken, and honestly the most flavorful shrimp fried rice I've ever had! I love everything about this small restaurant, the owner is very kind the food is always fresh and delicious. The only problem here is the parking!! Good luck finding a spot!",2019-06-25T20:01:28Z,,,,,,,,,"Los Angeles, CA",144.0,,0.0,0.0,0.0
Yelp,5.0,"I've been coming here for YEARS with my family even the one before this location . ABSOLUTELY just fantastic , quality , authentic Thai food ! Above and beyond customer service always ! Makes you feel like family and always accommodating in every way to make the customer feel welcomed and taken care of ! Food is so delicious and seasoning is just right ! Recommendations : All the soups Chicken and shrimp fried rice Thai ice tea Egg rolls Satay chicken Honestly the whole menu !",2019-09-05T21:43:33Z,,,,,,,,,"Los Angeles, CA",6.0,,0.0,0.0,0.0
Yelp,4.0,"Great food and the service is fast! My wife and our friend went here for lunch today. We have the crab fried rice, chicken salad, crying tiger and soup medium spice. I will be back to order for myself and I will get that heat...LOL! Everything was good! I appreciate that our waiter didn't rush us to order and when we did the food came out quick. We will be back soon!",2019-05-12T04:29:16Z,,,,,,,,,"Pasadena, CA",142.0,26.0,0.0,0.0,0.0
Yelp,5.0,"It was my first time here, and the food and service was great :) There is a lot to choose from on their menu.",2021-08-28T22:14:31Z,,,,,,,,,"Huntington Beach, CA",5.0,,0.0,0.0,0.0
Yelp,5.0,This place has a good customer service and good food quality! I was late for more than 30 mins picking up my order but the guy on the front insisted that he will make me another one since the noodles from pad thai and pad see eww are both soggy and not good anymore. He was very nice even if it was my fault picking up the food! If youre craving thai food in the valley area drop by here and you will not get disappointed! GOOD FOOD AND GREAT CUSTOMER SERVICE!!,2019-11-05T03:54:39Z,,,,,,,,,"Los Angeles, CA",3.0,,0.0,0.0,0.0
Yelp,3.0,"It was our first time there! Let me start by saying the guy at the register was by nice or At lease not rude but not a good sever never asked if we needed anything, I had to call him from the back for mor water. We ate there and the places is really hot no AC. Moving on to the Food, yellow curry was good but too many veggies and not enough meet!! Same with the King Pau chicken, flavor is good but too much of everything and not enough meat, We also got the Tom Yum seafood soup and that was okay, not bad but not the best!!",2023-06-26T02:55:37Z,,,,,,,,,"Granada Hills, Granada Hills, CA",5.0,,0.0,0.0,0.0
Yelp,2.0,"The pad Woon Sen full of oil, very dark. Veggies not so good. The chicken is just like leather, very dry.. the Thai tea is pretty good the price is good..I found it to be extremely sweet. The food wasn't as good as it was before at the old location.",2023-06-20T19:30:52Z,,,,,,,,,"Chatsworth, Los Angeles, CA",56.0,,0.0,0.0,0.0
Yelp,5.0,Excellent shrimp pad Thai and the mango & sticky rice (when in season ) is delicious.,2021-07-22T00:07:32Z,,,,,,,,,"Los Angeles, CA",31.0,,0.0,0.0,0.0
Yelp,5.0,Very goood! Foods great and tasty and very good portions! I would recommend this place over any near by thai place,2023-04-15T02:28:47Z,,,,,,,,,"Canyon Country, Santa Clarita, CA",4.0,,0.0,0.0,0.0
Yelp,5.0,"My partner and I have seen this little spot pop up on our feed a lot since we are in the San Fernando area and it was an awesome stop! We ordered the calamari, which was a little spicy so if you can't handle that avoid it but we love ourselves some spice and the dipping sauce for it was nice and sweet. We also ordered the yellow curry and orange chicken, which were great as well. The yellow curry does not come with rice, but we were planning on getting some on the side anyway. We ordered the mild level spice for the curry and it was pleasantly spicy as well, but if you're going solo on it the spice does catch up with you about halfway through the bowl. The orange chicken was awesome, it was crunchy and sweet but the meat was tender, hot and the serving for it was a good plate full but it is a la carte so keep that in mind as well. The service was good, nothing crazy since it's a small shop so if you're expecting to come in and for them to table touch often it's not that style of restaurant. All in all i would probably order out from here more than anything but if you want a nice little quiet spot to have some delicious Thai food this is a good place to stop in some time :)",2024-02-26T03:10:30Z,,,,,,,,,"Los Angeles, CA",1.0,,0.0,0.0,0.0
Yelp,4.0,"OMG... Spice up brought flavor and spice to perfection ! We ordered Tom Yum soup and vegetable egg rolls. Egg rolls were ok, but the soup was incredible!!!",2020-09-21T04:22:03Z,,,,,,,,,"Granada Hills, Granada Hills, CA",81.0,,1.0,1.0,1.0
Yelp,5.0,I can't believe I haven't reviewed this place yet. THE BEST TOM KHA SOUP EVER!!! I am so glad that covid didn't shut this place down. They kept on delivering! And I am glad they did. This is my go-to place for Thai. I have never had a bad dish from this place. I usually buy an extra container of Tom Yum or Tom Kha to take home with me because it is so delicious. So is their green papaya salad!,2020-10-08T16:35:35Z,,,,,,,,,"Los Angeles, CA",153.0,,1.0,0.0,0.0
Yelp,5.0,Always excellent food and service. The panang curry is flavorful and delicious! You won't be disappointed.,2022-05-09T00:13:09Z,,,,,,,,,"Westlake Village, CA",17.0,,0.0,0.0,0.0
Yelp,5.0,"Me and my girl were looking for a place to eat and we looked thru yelp and found this interesting place. Had a bit of a hard time finding a parking but so worth the wait since this is a great place to eat and amazing lunch specials. The service was excellent made me fell at home , great customer service. We got to meet Apple with a wonderful personality. Will definitely be coming back. New place that just recently opened a great place with many wonderful dishes to try. Great hospitality.",2017-02-16T22:38:31Z,,,,,,,,,"Los Angeles, CA",20.0,,0.0,0.0,0.0
Yelp,5.0,Man the food is amazing!!!! Came on Thursday and came back two days later . The service was good as well,2023-06-05T18:16:43Z,,,,,,,,,"Pacoima, Los Angeles, CA",7.0,,0.0,0.0,0.0
Yelp,5.0,"This place is the go to place in the valley, there honest and the food is top of the line good portions!!!! This is my go to place from now on! I have been searching for a reall good Thai restaurant and I finally found it!!!!!!!!",2023-04-16T03:49:48Z,,,,,,,,,"Reseda, Los Angeles, CA",8.0,,0.0,0.0,0.0
Yelp,5.0,"Drove almost 40 mins just try the Thai food because I saw it recommended when I searched up authentic pad Thai. Let me tell you, it was worth every mile. Easily the best pad Thai I've had in years!! I also ordered some orange chicken, spicy basil, and Thai teas and they were all solid. Service was great and fast and the server was polite and got me everything I needed with no hesitation. Their Thai fish sauce is super good and spicy and whats a plus is that it goes on with just about everything they serve. If you haven't tried this restaurant, IT IS A MUST TRY.",2021-08-27T00:31:18Z,,,,,,,,,"Arcadia, CA",9.0,,0.0,0.0,0.0
Yelp,5.0,Great tasting food at a very reasonable price. We got the Pananag Curry and Larb. Both were excellent!,2023-04-02T18:51:43Z,,,,,,,,,"Thousand Oaks, CA",8.0,,0.0,0.0,0.0
Yelp,5.0,This place is a must. All their curries are delicious and perfect during cold weather. Good selection of veggie options as well.,2021-04-22T07:07:20Z,,,,,,,,,"Los Angeles, CA",27.0,,0.0,0.0,0.0
Yelp,5.0,"My husband and I were in town from Monterey for a night and decided we wanted Thai food. We found this restaurant on YELP and since it had great reviews we decided to try it. Long story short, this was THE BEST THAI FOOD we have ever eaten! I got chicken pad Thai and the flavor and spice was on point. My husband ordered the curry chicken, and while I'm not a huge fan of curry, I could've swam in that sauce! It was delicious!! I felt a little emotional while eating the food The owner waited on us, and I couldn't believe that they had been opened for barely two weeks! She was so friendly, attentive and knowledgeable. I highly recommend this restaurant!! We would drive the 4+ hours just to eat here again!!",2017-01-22T20:00:46Z,,,,,,,,,"Salinas, CA",2.0,,0.0,0.0,0.0
Yelp,5.0,"This is definitely a newer restaurant but it has the best Thai I've had in a while. Yes, it's a little smaller than average but there are a large variety of food you can pick from. We got curry, soup, and others and all of it was delicious! The service is quick and the owner is so friendly and interactive. Definitely check this place out if you're craving some good Thai food! The mango and sticky rice is to die for by the way!",2018-03-03T03:22:48Z,,,,,,,,,"San Francisco, CA",4.0,,2.0,0.0,1.0
Yelp,5.0,"Some of the best Thai food I've had in a long time. I was bummed to learn they were shutting down for a bit, but can't wait until it reopens!",2022-07-27T02:06:46Z,,,,,,,,,"Los Angeles, CA",23.0,,0.0,0.0,1.0
Yelp,5.0,AWESOME! Have been coming here for years at their old location-they are the best! Love all the dishes we have tried.,2023-01-06T01:17:22Z,,,,,,,,,"Granada Hills, CA",56.0,,0.0,0.0,0.0
Yelp,5.0,Amazingly tasty good food. Highly recommend the Pad Thai if you're not into really spicy food (that would be me!) and any of the curries if you like it spicy! My hubs loved it all. 5 stars!,2021-02-25T03:16:55Z,,,,,,,,,"Van Nuys, CA",27.0,,0.0,0.0,0.0
Yelp,5.0,Nice small Thai Food restaurant with friendly staff and great food. Ordered several times online and in person over the years. This place is really good Thai food. Must try!,2021-09-08T22:34:06Z,,,,,,,,,"Los Angeles, CA",9.0,,0.0,0.0,0.0
Yelp,2.0,"I placed an order online for pick up, takeout, to go, on the Yelp app thru Eat24. This was on a very slow Sunday night. It was for panang curry chicken and Pad Thai chicken. I specifically requested mild spice for each of my dishes. I also paid an extra $2 to get extra chicken in my panang curry chicken. I qualified for a free Thai iced tea and I ordered that too, through the app. This was all done through the computer so it was all clearly on my order ticket. When I went to pick up my order, there was only one couple in the restaurant. It was a very slow time. The Thai iced tea was not included with my order, I had to ask for it. When I got my food home to eat, both dishes were extremely spicy - the chef had ignored my specification for mild spice. Also there was no extra chicken in my panang curry. I paid 2 extra dollars to get the extra chicken and it was not included. In fact, it seemed like there was less chicken than normal for some reason. It seemed as though the chef ignored the specifications on the order ticket and just gave me the default orders with extreme spice and no extra chicken. Then, the person putting together my order to go ignored the Thai iced tea that was also clearly on the order ticket. This restaurant cannot be trusted to make an order accurately. If you order your food for takeout - beware. Check the whole order, including taste the dishes before you leave the restaurant to make sure they're not the wrong spice level. It's too much trouble for me as a customer to worry about these things so I will never return to this restaurant again. There are plenty of excellent Thai restaurants in the close vicinity that will give you exactly what you order. I will be patronizing them from now on. I suggest you do the same.",2017-12-13T02:07:56Z,,,,,,,,,"San Fernando Valley, CA",8.0,,3.0,0.0,0.0
Yelp,4.0,The food there is good. Had the Orange Chicken. Nice and crispy outer with good chicken. The crab cheese Rangoon's were good but the four tips were a bit over cooked. Food is fresh made when you order. Small busy parking lot,2018-04-18T04:43:35Z,,,,,,,,,"Los Angeles, CA",4.0,,1.0,0.0,0.0
Yelp,5.0,Would never drive by this place and think I should pop in... But thanks for the reviews on here it was something I was willing to try. Hands-down the best panang curry In the valley so far... That's no small thing.,2020-02-20T22:06:45Z,,,,,,,,,"North Hills, CA",5.0,,1.0,0.0,0.0
Yelp,5.0,This is solid Thai food. I love Spice Up Thai. It's my go-to Thai place in the Valley. Their Chow Mein and yellow curries are both exceptional.,2021-12-17T23:50:38Z,,,,,,,,,"Los Angeles, CA",10.0,,1.0,1.0,1.0
Yelp,5.0,"I ordered takeout from here on uber eats' and the food is really delicious! Everything was cooked with amazing flavor. Also the price is good for the portions. I definitely recommend this place for anyone looking for good thai food!!! I can't speak much on the service because I didn't eat inside, but our food arrived quite fast with uber eats delivery.",2019-12-06T03:44:33Z,,,,,,,,,"Los Angeles, CA",35.0,,1.0,1.0,1.0
Yelp,4.0,"Who else was bummed when Sweet Basil just got up and left us like we meant nothing to them ?!! Spice Up Thai took it's place and after complaining about not having good Thai since Sweet basil left we decided to go in and try the new place. Food was excellent ! Started with the Spicy chicken salad(Mild) and my it was HOT but delicious. Mocos running down my nose and sweaty face but oohhhh sooo good. Thai tea was perfection, Chicken Satay has a great flavor and the Pad Thai was excellent . The owner was so friendly and kept checking in with us and even offered to take the salad off of our menu since I said it was spicy . Place got a new face lift and the go go orders wouldn't stop coming in so they are doing something right . A must try !",2018-01-14T04:11:53Z,,,,,,,,,"Los Angeles, CA",282.0,,1.0,0.0,0.0
Yelp,5.0,Super delicious drunken noodles! They have a spicy sauce on the side so I can add myself to taste.,2021-06-10T20:10:44Z,,,,,,,,,"Lewiston, ME",9.0,,0.0,0.0,0.0
Yelp,5.0,"BEST THAI FOOD I'VE EVER HAD (PERIOD) I order their food weekly, and I am never disappointed, from the egg rolls to the mango sticky rice simply delicious. Apple rocks, she is such a sweetheart.",2018-09-03T22:55:23Z,,,,,,,,,"Los Angeles, CA",11.0,,0.0,0.0,0.0
Yelp,5.0,The food NEVER fails. We always get the food to go AND the way they package it remains HOT until we arrive at home. Food is very flavorful. My whole family enjoys their food.,2019-10-21T19:14:18Z,,,,,,,,,"San Fernando, CA",10.0,,2.0,0.0,1.0
Yelp,5.0,Great Thai food. They were 10 mins from closing and still took my huge order. With this pandemic going on it seems as if everything closes super early now. Thanks Spice Up Thai Eatery for taking the extra time to care.,2020-08-15T16:37:05Z,,,,,,,,,"North Hills, Los Angeles, CA",32.0,,0.0,0.0,0.0
Yelp,5.0,"This place is phenomenal, the Tom Yum soup is one of the best I've ever had. I've tried a few other Thai eateries in the area with better ratings than here and they do not even come close in comparison.",2020-03-01T04:35:55Z,,,,,,,,,"La Crescenta-Montrose, CA",72.0,,0.0,0.0,1.0
Yelp,5.0,"Love this place! Great customer service and the food taste great! My husband and I have tried the orange chicken, dynamite wings, chicken fried rice, any type of chow mein, egg rolls, tom yum soup, and basil chicken everything is yummy!",2021-01-24T05:33:26Z,,,,,,,,,"Northridge, Los Angeles, CA",56.0,,0.0,0.0,0.0
Yelp,4.0,Came here for lunch. Once of the best Thai food around. Tried to order sticky rice but it wasn't available. The dumpling is good. Make sure if you don't like spicy food tell them no chili because mild is still very spicy. Ordered the basil with beef it is really good.,2018-02-01T21:19:52Z,,,,,,,,,"Beverly Hills, CA",2.0,,1.0,0.0,0.0
Yelp,3.0,"I wanted this to be a 5 star review, but sadly, my expectations weren't met. The food took 45 minutes and the place wasn't even that busy! The food was mostly just OK. The wings were the best; excellent flavor! I'm going to try to duplicate them . I will definitely try them again for lunch. An $8 special really can't be beat!",2017-09-24T20:24:28Z,,,,,,,,,"Granada Hills, CA",224.0,,2.0,0.0,0.0
Yelp,1.0,"I've been a customer here for a cue of years and enjoyed eating here, but the customer service is very poor and the guy that sits in the front and takes the orders is rude and got upset and threw a fit because I order a meal 45 minutes before close. I figured the guy was having a bad day and didn't really look into it. But then another incident happened because I asked question and was polite and he blew up like he was irritated... I will never go back again.. Food is good but the customer service is bad",2021-10-12T03:46:09Z,,,,,,,,,"San Fernando, CA",9.0,,1.0,1.0,1.0
Yelp,3.0,"Average Thai place. Food was okay. Small place in strip center with very reasonable prices. Tip if you order curry with tofu, order it at least medium to give it some flavor. If you're in the mood for a quick Thai meal, this would be fine.",2019-09-21T03:04:47Z,,,,,,,,,"Stevenson Ranch, CA",466.0,,1.0,1.0,1.0
Yelp,5.0,Best Thai restaurant in the Valley! Great service! Great prices! They have both Thai and other options so you can go with the whole family! HIGHLY RECOMMEND!!! I had the Thai version of shrimp chow mein and the fried wontons and both were fabulous! My boyfriend had the spicy basil and loved it! We definitely will turn this place into a regular of ours.,2019-06-29T01:00:52Z,,,,,,,,,"Redlands, CA",18.0,,0.0,0.0,0.0
Yelp,5.0,"Ever since new owner , this is the best whole in the wall restaurant for thai food. The padthai is my favorite! I love the environment and the service! Great food",2018-09-13T22:23:30Z,,,,,,,,,"Sylmar, CA",9.0,,0.0,0.0,0.0
Yelp,3.0,"Was looking for a local Thai restaurant and ended up finding this place on Yelp. Questioned the fact that the place was empty, the food wasn't bad but wasn't amazing either. Ordered the pad see ew and thai iced tea. Have tasted better but if you're looking for a place to satisfy your basic thai food cravings, come here! Tried ordering the mango sticky rice dessert but found out that mangoes weren't in season AND they were not serving any desserts at that time.",2018-12-11T04:35:46Z,,,,,,,,,"Los Angeles, CA",26.0,,0.0,0.0,0.0
Yelp,5.0,best pad thai ive ever had in my life and amazing portions come back soon we miss you ):,2022-08-23T19:32:00Z,,,,,,,,,"Arleta, Los Angeles, CA",4.0,,0.0,0.0,0.0
Yelp,4.0,"It's very good but I noticed they tend to put a lot of veggies and not enough protein in meals. Last time I got tofu soup and it seemed like 25% tofu and rest veggies, and this time I got Mongolian beef and it's about the same ratio meat to veggies. I have to eat more protein as part of my diet, so was hoping for $10 it would be more meat. I do like the eggs rolls, rice, and fried won tons!",2020-06-19T02:56:40Z,,,,,,,,,"Granada Hills, Los Angeles, CA",32.0,,0.0,0.0,0.0
Yelp,5.0,Had the spicy padseew it was so good perfect spice level everything was fresh !! So glad I found this place it's a gem,2022-11-29T22:26:14Z,,,,,,,,,"Canoga Park, San Fernando Valley, CA",3.0,,0.0,0.0,0.0
Yelp,2.0,"Take out. Does that look appetizing? It's not. I know it's Thai beef jerky but trust me, done right, this could be the most savory and tasty dish. Sanamluang does it right. It's too skinny, stringy/dry and tasteless. It's suppose to come with a side of SAUCE. Also presentation...put it on a bed of lettuce with a side of tomatoes. The chicken yellow curry is decent. I seriously don't understand why you think this is edible.",2017-07-14T03:05:29Z,,,,,,,,,"Granada Hills, CA",73.0,,2.0,1.0,0.0
Yelp,3.0,"I had read that Spice Up Thai Eatery could make items vegan but I'm a bit iffie on that. I've ordered from this restaurant twice and I'm certain that non-vegan items found their way into my order, namely sauce, and perhaps more. If you have any dietary restrictions or allergies, I suggest you dine in. Maybe speaking to the servers will give you a better chance of having a properly cooked meal. I haven't eaten here with a meat eater so I can't comment on other dishes. Seems like average, ok Thai food.",2017-12-21T20:10:09Z,,,,,,,,,"Granada Hills, Los Angeles, CA",141.0,,0.0,1.0,0.0
Yelp,4.0,I knew the owner from my favorite Thai resturamt. Now she owns her own. I found the flavors as good as my favorite Thai restaurant. This one is closer and they make deliveries. Great for take out.,2017-11-23T02:22:24Z,,,,,,,,,"Granada Hills, CA",8.0,,0.0,0.0,2.0
Yelp,5.0,"Its hard for me not to order the Orange Chicken from Spice Up Thai every night! This place is great! I've eaten in, taken out, and ordered delivery from them without ever being disappointed. Some of my other favorites: Mongolian Beef, Cashew Nut Chicken, Spicy Beef Salad, and Dynamite Wings. Everyone who works there is always friendly and knowledgeable about the menu. My only disclaimer is this place is SERIOUS about spice, so be prepared for major HEAT is you order something spice. They also have great lunch specials for $8!! (You only get the free Tom Yum if you dine in)",2017-12-03T18:46:20Z,,,,,,,,,"Los Angeles, CA",28.0,,0.0,0.0,1.0
Yelp,5.0,You gotta love this restaurant. This is the fifth time I have had lunch here. The owner and servers are amazing! They gave me the 5 star treatment. The food is super tasty especially their Orange Chicken. I know that this is a typical item for most people but they REALLY do have great Orange Chicken! I also ordered other Thai dishes like Glass Noodle Salad and Beef Salad. Sooo good! I would definitely go back again and again!!,2017-09-26T19:55:51Z,,,,,,,,,"Los Angeles, CA",34.0,,1.0,0.0,0.0
Yelp,5.0,Just ordered Spicy Fried Rice and Red Curry from this Restaurant and it's so yummy!!!!! The owners are super nice . I drive from Van Nuys to pick up food from here for my work family just because it's just too good,2019-08-24T04:25:07Z,,,,,,,,,"Vallejo, CA",8.0,,1.0,0.0,1.0
Yelp,1.0,We went bc the rating was high. Went for lunch. Terrible terrible aweful food. Fried rice: no flavor and white. Potstickers: cold. Flavorless worst food. The comment the owner wrote below is wrong. I did not go w a group. I with one friend. They never asked how good was,2019-12-19T07:22:06Z,,,,,,,,,"PORTER RANCH, CA",23.0,,0.0,1.0,0.0
Yelp,5.0,"Super Yummy!!! Pad Thai & Crab Rangoons. Service was great, place is clean. Parking is a challenge due to small parking lot. Will be back.",2017-08-15T02:01:27Z,,,,,,,,,"Winter Haven, FL",50.0,,1.0,0.0,0.0
Yelp,5.0,"My family and I craved some Thai food during Covid Lockdown and our usual Thai place was closed that day. So we found Spice Up Thai Eatery, which was great. Friendly service, great tasty food and reasonable prices.",2020-06-05T22:04:03Z,,,,,,,,,"PORTER RANCH, CA",35.0,,0.0,0.0,0.0
Yelp,1.0,"TERRIBLE! I got the Pad See Ew with Beef and Shrimp My Gawd! Worst Pad See Ew I've had IN MY LIFE! Everything tasted old.. The noodles were dry and flavorless.. the beef was dry and chewy.. the 3 shrimp I paid an extra $2 for.. must have been old because it was Extra Fishy I just had Really good Pad 2 nights before, so I was excited to try it at another place... Boy do I regret that. I also got the ""Dynamite"" Chicken Wings There was surely nothing ""Dynamite"" about them! They taste like Yoshinoya's chicken wings, just as small, yet in a more watery spicier sauce. All around Epic Fail! This just goes to show You Can't Trust People's Reviews I could have went to at least 2 other nearby Thai places.. where I'm sure things couldn't have been any worse.. But this one had the highest rating (On Google Maps). (face palm) Not to mention, I asked for chopsticks from the boy at the register, his reply was ""I put two forks in the bag"".. . Forks and Chopsticks are Apparently the Same Thing Everybody! You learn something new everyday! Also the ambiance is more that of a Pizza Parlor than what the pics would lead you to believe, not that it's a bad thing. I gave it a 1 in hopes to even out this stupidly high score of theirs, it was really more of a 2. It didn't appear dirty, in the front at least, and the order was done quickly. Largely cuz no one was there... $23 down the drain I won't be back Edit: I'm the type of person to only review if the food was Amazing or TERRIBLE! Which is my right.. and The food here was Terrible! I made sure to read all the other low reviews before I commented. They All said the same thing.. ""chewy low quality beefy"" ""bland noodles"" ""no Thai flavors"".. I didn't lie about a Single thing. And I feel comfortable with everything I've said knowing your employees are ""thief's"" ""rude"" and ""lack attention to detail"". Yes again.. I've read Every single one of your bad reviews before I replied. You all can cry as much as you like while refusing to accept the fact you serve crappy food, but you still serve crappy food. Why would I want a repeat? I called you all in hopes you would actually change, because your food can't be of quality or fresh. I wrote my review to let Everyone know to not waste their money. And now I can add "" Management is rude and controlling, blaming customers for their faults"". You read Every comment made here yet you still serve the same crap with the same issues that can be read in each review. Shame on you! Oh and I ate the order piping hot, I burned my tongue lol.. It's my Favorite Thai dish, I've had it many times elsewhere.. How can your beef cooling make it so chewy and tough.. Or your shrimp so fishy (a sign it's gone bad). And thank you for confirming that your employee thought Chopsticks and Forks were interchangeable to an American wow.. If you would have remained quiet and let me have my opinion, I would have never had to add salt to the wound. Lastly, who cares if I'm bitter!? Bitter people eat too! Enjoy Bis!",2019-05-25T22:39:26Z,,,,,,,,,"Los Angeles, CA",9.0,,1.0,3.0,0.0
Yelp,4.0,I ate here yesterday because I had some time to kill before my hair appointment! I enjoyed the food and the price is very cheap! I got the Pad Thai lunch and it came with salad/ goyzas/ rice and pad Thai! I loved the noodles because it had so much flavor! I'm only putting 4 stars because the of the seating in the restaurant need to be updated as there were many tears in the booths! I would definitely come back if I have some time to kill at my next appointment!,2019-12-28T22:20:26Z,,,,,,,,,"Glendale, CA",51.0,,0.0,0.0,0.0
Yelp,5.0,"Very delicious food! We got chicken pad thai, soup, sweet and sour chicken, and edamame. The sweet and sour chicken was a little overly battered but it was very delicious. Only down side is the parking situation but that has nothing to do with the restaurant itself. The lot is quite small and there were a few men yelling as well as liquor bottles and pillows laying around the front door of the restaurant. Besides that inconvenience,the restaurant has amazing food and I would come again!",2020-12-08T07:43:37Z,,,,,,,,,"Granada Hills, CA",9.0,,0.0,0.0,0.0
Yelp,4.0,"Ok, so I have found another EXCELLENT spot for Pad Thai. I was there for the first time on Sunday this past weekend and was not disappointed. The portion was large and there was a good amount of chicken in the dish. The only problem I had was that they were not running their air conditioning. This IS a problem when it's nearly 100° outside and humid! (I seem to be finding this issue a lot lately). Oh, and the parking for the restaurant is absolutely terrible, there is a 7-11, a Subway, and a 2 for 1 Pizza Co. in the same tiny L-shaped strip mall. There are few spaces, they are very small and it's busy. But Spice Up, cannot help those things. So parking across the street might be an option if all the spaces are full, and they very likely will be. Given the situation with the A/C, I would recommend ordering to go or have them deliver if you are in their service area. (I have no direct experience with delivery from them). I will be back again. But maybe when it's cooler or they decide to run the air.",2017-07-18T08:05:07Z,,,,,,,,,"Port St. Lucie, FL",13.0,,1.0,0.0,0.0
Yelp,2.0,"This location used to be my favorite Thai Food restaurants in the San Fernando Valley, but something has gone terribly wrong. I ordered my favorite plate (Spicy Thai w/chicken) and the flavor was very unenjoyable. I don't know what happened to this place. My guess is that it's under new ownership with a different cook. I've had this dish in numerous restaurants so I know what it should taste like. The cook missed the mark by a long shot. They need to bring back the old cook, or send this one to get some lessons. * The service was good * The restaurant was clean * The food was nasty",2017-04-26T20:07:51Z,,,,,,,,,"Palmdale, CA",26.0,,2.0,0.0,0.0
Yelp,5.0,Love this spot. Orange Chicken lunch is great and so is their pork fried rice. The Tom Yum Chicken soup is the best here. It's close to my job but unfortunately the parking lot sucks. Worth it though.,2020-08-03T01:19:51Z,,,,,,,,,"Los Angeles, CA",20.0,,0.0,0.0,0.0
Yelp,5.0,"I wanted panang curry but I also wanted an abundance of mixed vegetables...I asked to modify the panang curry (with beef as my protein) adding MIXED vegetables. Chef gave me a few suggestions but I told him exactly what I liked and he made it work. SO DELICIOUS...Hope he sees this because I am going to order it again it was savory, lots of umami but still easy on the stomach due to all the vegetables. Thank you, it was lovely.",2020-07-23T22:54:28Z,,,,,,,,,"Hollywood, Los Angeles, CA",9.0,,0.0,0.0,0.0
Yelp,5.0,We can't get enough of this place. Even with 5 minutes to spare they honored the lunch special which comes with this amazing honey mustard like dressing that i pour over everything lol,2020-04-10T23:31:45Z,,,,,,,,,"Van Nuys, Los Angeles, CA",40.0,,0.0,0.0,0.0
Yelp,1.0,"I ordered pick up last night and had the worst experience ever. The food was honestly below average and I really am not the type to write bad reviews unless it's warranted. The Tom Yum tasted very sweet- It shouldn't taste sweet, it's a sour and spicy soup.... anyways. The shrimp in my tom tum was OLD. The pad see yew tasted like it was cooked in old oil and the noodles were all stuck together. The only dish I could stomach was the orange chicken and brown rice. The rest of it went in the trash and was a waste of money. Never returning.",2021-05-18T15:03:31Z,,,,,,,,,"Glendale, Los Angeles, CA",25.0,,1.0,1.0,0.0
Yelp,5.0,My partner and I always hit this place up when we're craving some good Thai food. The soups are some of the best I've ever had in any restaurant. Definitely recommend this spot. The food has a very delicious homemade flavor you just can't beat.,2019-05-26T01:25:12Z,,,,,,,,,"Mid Wilshire, Los Angeles, CA",4.0,,1.0,0.0,0.0
Yelp,1.0,"I'm not a fan of Spice Up Thai Eatery. I ordered the chicken pad Thai, orange chicken and egg rolls. The chicken pad thai was ok. The orange chicken was fried too crispy and i didn't like the sauce and the egg rolls are bland. If i do return it'll be for the chicken satay sticks that i thought was coming with this order but it didn't make it upon delivery.",2020-03-01T04:25:42Z,,,,,,,,,"Kagel Canyon, CA",51.0,,0.0,0.0,0.0
Yelp,3.0,The previous restaurant was better than this one - this Thai restaurant fails in comparison. Its meals are not as flavorful and the tofu isn't fried tofu. I don't even know if it was cooked tofu! It makes me sad because the location is so close to my house !,2017-10-26T05:16:25Z,,,,,,,,,"Simi Valley, CA",101.0,,0.0,0.0,0.0
Yelp,5.0,Best Thai food around!!! I love the staff they're always so fun to talk to and their food is so delicious and it comes out so fast!!,2019-06-05T23:16:49Z,,,,,,,,,"Las Vegas, NV",2.0,,1.0,0.0,0.0
Yelp,5.0,"Great place to grab a great bite to eat, Super friendly staff and always helpful when i cant decide what to get.",2019-06-05T23:09:58Z,,,,,,,,,"Granada Hills, Los Angeles, CA",1.0,,1.0,0.0,0.0
Yelp,5.0,"Great food! Great service, we are lucky to have found this gem in our new neighborhood. Only gripe is parking but totally worth it. Great orange chicken and pad see ew. Oh and pineapple fried rice!",2020-02-27T01:58:33Z,,,,,,,,,"Los Angeles, CA",40.0,,0.0,0.0,0.0
Yelp,5.0,"I recommend the Thai chicken basil dinner special . it comes with chicken delicious dumplings ,rice ,and a drink I recommend the Thai ice tea of course never fails .",2020-09-19T04:32:46Z,,,,,,,,,"Granada Hills, Los Angeles, CA",15.0,,0.0,0.0,0.0
Yelp,4.0,It's hard to find good authentic Thai in the north valley. Spice it Up lives up to their name and takes their place at the head of the table for north valley Thai! The noodles were spectacular... the Thom Ka not so much. The soup was far to sweet. Everything else was wonderful tho!,2019-01-13T23:07:50Z,,,,,,,,,"San Fernando, CA",54.0,,2.0,1.0,1.0
Yelp,5.0,"I've always liked this place, and though they've had owners changes... its only gotten better. Great quality food for great prices. They have amazing service too. Always a first choice for thai food.",2019-10-20T22:08:26Z,,,,,,,,,"Granada Hills, CA",79.0,,0.0,0.0,0.0
Yelp,5.0,Very good food and friendly staff! My favorite is the Spicy Beef Salad although everything is delicious!!,2020-05-10T23:17:28Z,,,,,,,,,"Granada Hills, CA",8.0,,0.0,0.0,0.0
Yelp,4.0,It was my first time going to this place and it was amazing. I was actually going to the subway next door but they have the menu right on the window and it just drew us right in. We ordered the chicken soup and 2 other plates and I just had to leave a good review.,2019-06-02T21:24:15Z,,,,,,,,,"Arleta, Los Angeles, CA",5.0,,1.0,0.0,0.0
Yelp,2.0,"I picked this place cause it has such great reviews online but was disappointed, the meat was dry and tasteless chili oil and soy sauce where musts didn't make it much better, the rice they use is cheap short grain rice I don't think I'll be back here hopefully I can find a decent Thai the Thai iced coffee was good tho the attendant/cashier was really really nice so that's a plus",2022-01-14T01:04:26Z,,,,,,,,,"Gallup, NM",6.0,,0.0,0.0,0.0
Yelp,4.0,The food was amazing and they had many options. I specifically had the Pad Se Ew and it was on point. I went for their 8 dollar lunch special but the options were limited for that. There is a $10 minimum for card so I ended up ordering a tea but she forgot about it. All in all I really went for the food and it was good. It's new so give it a try. Hopefully their service gets better.,2017-04-02T22:40:47Z,,,,,,,,,"PORTER RANCH, CA",18.0,,1.0,0.0,0.0
Yelp,3.0,"I ordered the Orange Chicken Lunch special a few days ago. The price was right @ 8$ but the flavor wasn't anything special. The chicken was crispy and could have been excellent, but the sauce was 4/10 on Flavortown. Parking is horrendous so don't expect to find any readily available. The entrance to the restaurant smells like urine, vomit, and feces. Homeless people during the night I'm guessing. Please clean up the outside of your establishment. That means every morning if you have to. I will not be returning.",2017-07-28T21:13:42Z,,,,,,,,,"Granada Hills, Los Angeles, CA",416.0,,0.0,0.0,0.0
Yelp,5.0,Consistently very great food and good service. One of my go to easy restaurants for pickup or quick dine in! Highly recommended.,2019-09-14T03:55:10Z,,,,,,,,,"GRANADA HILLS, CA",5.0,,0.0,0.0,0.0
Yelp,5.0,"First time here Good service, Great food, Clean place, Cozy condition. I really like the thai fried rice and for sure I will come back here",2017-08-01T03:52:44Z,,,,,,,,,"North Hollywood, CA",2.0,,0.0,0.0,0.0
Yelp,2.0,"I have never written a yelp review, but I am just SUPER disappointed by this place and don't understand its 4 star rating. I ordered my food through door dash and didn't receive my peanut sauce. The pad-See-ew was so basic. Had no Thai flavors and maybe 5 pieces of broccoli. Tasted like something I could've made at home without trying too hard. :( the rice was also sub par. I'm so disappointed and definitely a waste of $30. I should've paid the $10 delivery fee from another place. I highly suggest you do not eat here if you're looking to fulfill your Thai food craving. If you're looking for mediocre food with some flavor, but not a Thai flavor then this is okay.",2018-12-27T22:16:50Z,,,,,,,,,"Koreatown, Los Angeles, CA",1.0,,1.0,0.0,0.0
Yelp,2.0,"I am happy that my order was ready on time but very upset that my order was all wrong. My boyfriend went to go pick it up I just told him that I had already payed for it and it was under my name. I ordered mild pad Thai with chicken and a large thai tea. When he came home they had given him a small thai iced tea and spicy pad Thai. I am sensitive to spice so I couldn't eat it which I'm very upset about. This is the second time I come here the first time was delicious, it was also take out and the order came out perfectly. This time, I'm just disappointed.",2018-01-05T00:25:08Z,,,,,,,,,"Simi Valley, CA",9.0,,0.0,0.0,0.0
Yelp,3.0,"I came here last night before they were about to close. I always give the benefit of the doubt to every new place I try. I called for a pick up order and it's normal service like every place else. Just always make sure when you go to any place that you'll be charged extra if you want rice with the order. The food was decent, parking is a problem since there's not much spots. I also ordered there sticky rice w/ mangos.. now that was yummy!! Will be back for more !! Price is decent as well.",2018-04-21T22:46:38Z,,,,,,,,,"Los Angeles, CA",7.0,,0.0,0.0,0.0
Yelp,4.0,"Wanted some good food that would deliver. This hit the mark! No more cardboard, game tile pizza for us! So hit the spot!",2020-04-09T07:13:55Z,,,,,,,,,"Rancho Cordova, CA",10.0,,0.0,0.0,0.0
Yelp,5.0,Really good place very recommended combination rice was on point. Place was very clean and well remodeled to be honest the best thai food ever,2018-10-31T19:07:35Z,,,,,,,,,"Los Angeles, CA",15.0,,1.0,0.0,1.0
Yelp,5.0,Spicy noodles are delicious!! It was so flavorful! One of the best i've had. It wasn't too heavy and the portions are a good size! Unfortunately that's all I tried but i'll be back to explore the menu! They were very attentive.,2019-09-13T01:25:55Z,,,,,,,,,"Mid City, Los Angeles, CA",12.0,,0.0,0.0,0.0
Yelp,5.0,solid food with good service too! I believe his name was Nicky and he was an excellent server! Would recommend,2018-12-28T07:03:03Z,,,,,,,,,"Simi Valley, CA",2.0,,1.0,0.0,0.0
Yelp,5.0,Love this place! I go almost once a week. Always great service and great food! Nicky is the man!,2019-01-23T01:53:46Z,,,,,,,,,"Granada Hills, CA",13.0,,0.0,0.0,1.0
Yelp,5.0,Probably one of the best Thai places I've eaten at! Customer service is great as well!,2021-12-07T03:07:29Z,,,,,,,,,"Lancaster, CA",38.0,,0.0,0.0,0.0
Yelp,4.0,"Having never been in the restaurant, I don't know what the actual location is like. My wife picked up some panang and green curry plus some orange chicken to go. We get Thai quite a bit and this is definitely above average. The green curry was one of the best I have ever had. We will be ordering from here again very soon, and I look forward to trying some of their other dishes.",2017-06-04T22:04:25Z,,,,,,,,,"Granada Hills, CA",73.0,,0.0,0.0,0.0
Yelp,5.0,Best Tom Yum soup I have ever had in my entire life. I will only go here going forward. It's crazy how good it is. Get it spicy if you like heat. So freakin' yummy!!!,2020-03-06T18:50:46Z,,,,,,,,,"Los Angeles, CA",55.0,,0.0,0.0,0.0
Yelp,5.0,"Phenomenal atmosphere, service, and food. Since moving to the valley 3 months ago I have tried many different Thai places, but this one will now be my consistent spot. Food came out at an appropriate rather quickly and they paid close attention to water refills. All staff were friendly and I will certainly be going back.",2022-03-02T05:02:12Z,,,,,,,,,"Thousand Oaks, CA",2.0,,0.0,0.0,0.0
Yelp,5.0,"Love this place! We come here all the time and it's always delicious. The Tom Kah (coconut milk soup), pad Thai, and red curry and Panang curry are our favorite. Also, the appetizer with roti and curry dipping sauce is dangerously good. Do not order because you will be craving to eat it again for the next week! So good! And the owner is very nice :)",2018-11-12T02:05:02Z,,,,,,,,,"Upland, CA",173.0,,0.0,0.0,1.0
Yelp,5.0,"Absolutely amazing customer service on the phone, I've called many Thai places in the area, they're always short and nasty on the phone Nicky was really REALLY nice... He was very helpful, he took his time, he was patient and most important he was professional and friendly. I also really really like the food, it was very gourmet and the prices were amazing you will not be disappointed if you go to this place best Thai restaurant in the area period!! If I could give 10 stars I would !!!!!!",2021-09-21T03:55:42Z,,,,,,,,,"Los Angeles, CA",46.0,,0.0,0.0,0.0
Yelp,5.0,"Good spot to eat , the food here is really delicious the rice noodles nick recommended were worth it glad I came here to eat for lunch",2020-01-10T20:41:21Z,,,,,,,,,"San Francisco, CA",2.0,,0.0,0.0,0.0
Yelp,5.0,Tried for the first time tonight. We will definitely be back. All the food was really good and not oily like some places.,2021-09-10T04:55:13Z,,,,,,,,,"Financial District, San Francisco, CA",6.0,,0.0,0.0,0.0
Yelp,5.0,I came here for lunch and it was so good. I ordered the yellow curry lunch special and it was delicious. The food came out quickly and the service was great!!,2019-09-06T23:07:29Z,,,,,,,,,"Los Angeles, CA",1.0,,0.0,0.0,0.0
Yelp,5.0,"This is probably the best Thai food Ive ever had. Definitely would recommend this with Thai cravings. The owner was great and always so attentive to us and everybody else. Great customer, service our food was great it was just right.",2017-05-23T22:15:54Z,,,,,,,,,"Granada Hills, CA",11.0,,0.0,0.0,0.0
Yelp,5.0,Great new place wonderful service and delicious food all around great spot for Thai food definitely worth trying.,2017-02-16T22:17:02Z,,,,,,,,,"Los Angeles, CA",36.0,,0.0,0.0,0.0
Yelp,5.0,"Bomb little Thai spot. The food was delicious and they were fast at cooking it. The large Tom Kha coconut shrimp soup was top notch, prob one of the best I've tried. I've been to Ocha Thai in hollywood and a few other well known Thai spots. Good large portion to share with 2-3 ppl max, enough spice, and a sweet creamy flavor with all the right seasonings not to mention lots of shrimp (they don't skimp you on the shrimp). We also ordered the Shyly Shrimp, which were basically wonton wrapped shrimps deep fried and served with sweet and sour sauce. Perfectly cooked and the right crunch. The Thai ice tea was delicious as well. Chicken pad Thai was full of flavor and again a big portion worthy of sharing with 2 people. The guy was super cool and very attentive to service. I will mention one thing, I ordered the chicken fried rice and me personally it was not my cup of tea. I didn't notice they put basil leaves it in and I don't like basil but that's not their fault, my fault for not reading the menu properly. All in all, try this spot. Lots of take out orders and plenty of seating space. They are definitely doing something right when it's super busy!",2018-04-29T22:04:12Z,,,,,,,,,"Reseda, CA",109.0,,1.0,0.0,1.0
Yelp,4.0,Very good super fresh ingredients with lots of flavors. Service is excellent and over all the cleanliness of the establishment is great. I will definitely be going back to enjoy great service food .,2019-07-07T19:28:35Z,,,,,,,,,"Pacoima, Los Angeles, CA",14.0,,0.0,0.0,0.0
Yelp,5.0,This place is so good!! My husband and I are both vegan and they can make lots of yummy things vegan (the green curry is so good) We will definitely be back = ),2019-09-23T01:08:46Z,,,,,,,,,"CA, CA",16.0,,0.0,0.0,0.0
Yelp,5.0,"We just stumbled upon this little hole in the wall place. We each ordered a lunch special and for $9 it's a great deal! It came with the most amazing spicy soup with ginger and lemongrass in it. I tried the pad thai and my boyfriend had the Mongolian Beef. Both were delicious! The waiter, Nicky, was friendly and he made great conversation with us. They were pretty busy, but we got served at lightning speed!",2018-12-14T21:50:33Z,,,,,,,,,"Kettleman City, CA",28.0,,0.0,0.0,0.0
Yelp,5.0,"This restaurant is real Thai food. The owner, Apple, personal taste every dish to make sure it is consistent. She won't serve it to a customer if it doesn't meet her standards. Best Thai food in town.",2019-09-14T05:31:48Z,,,,,,,,,"North Hollywood, Los Angeles, CA",1.0,,0.0,0.0,0.0
Yelp,3.0,"Amazing food, but horrible experience otherwise. Ordered through Door Dash (which btw the prices didn't see too different compared to their in person menu?). Ordered pick up and received a notification it was ready, so drove myself there to pick it up. The parking in this plaza is awful so don't even try to pull in as it's a nightmare and there's always people trying to get in/out of the tight spots, as it shares a plaza with 7-11. Just save yourself the trouble and park on the street and walk. So upon arrival I essentially watched them make my entire order even though it was ""ready"" - eg waited another 20 minutes for the food. I can't imagine how this would have played out if I had actually ordered delivery from Door Dash. It was almost as if they forgot or didn't even know the order was in place. As for the food itself, I got the pad Thai and Pad see ew. Both tasted different, in a good way, than the standard Thai I've had at other places. These dishes seemed more flavorful and dare I say - authentic? The noodles in the pad Thai were different, more thin/vermicelli like and the sauce was surprisingly brown, not orange like the usual Americanized Thai food and that's ultimately why I thought it was more authentic. Overall, I'd get this again, if I was brave enough to endure the total experience and troubles associated with this place.",2020-02-19T03:05:12Z,,,,,,,,,"Los Angeles, CA",366.0,,1.0,1.0,1.0
Yelp,4.0,Their lunch is pretty good. You get a lot of value for $8 lunch. Customer service is nice as well. I will recommend this place! Nice Thai joint in the area!,2018-04-20T19:21:38Z,,,,,,,,,"Canyon Country, CA",25.0,,1.0,0.0,0.0
Yelp,5.0,"The food was surprisingly good. I've tried many Thai restaurants in the S. F. Valley, but Spice Up exceeded my expectations. I was inspecting the strip mall where they are located and decided to have lunch there and boy I am glad I did. Service was great, price was moderate but the food really tasted like it was homemade. Love the little fried wontons with the special sauce. My wife will definitely Love this place. I met the owner and she takes pride in her cooking. Yes, the owner is the chef!",2019-08-30T01:07:45Z,,,,,,,,,"Los Angeles, CA",2.0,,0.0,0.0,0.0
Yelp,3.0,"We have been to Spice Up Thai three times, the first two with coupons. Service has always been friendly and adequate, although they were sometimes too busy with takeout orders to to be very attentive. My wife always orders Crying Tiger. The first time it was just OK, but the second, for some reason, it was truly excellent, which prompted our third trip there. I ordered the pork ribs the first trip and it was not the best. The second trip I got the pork fried rice which was quite good. Our third trip there we took a couple of friends. My wife's Crying Tiger was again not the best (not very flavorful). One of our friends got the Mongolian beef, which she said was very good. I ordered the pork fried rice again and the other friend the mixed vegetables with pork. Interestingly both of us were served chicken rather than pork and both would have preferred the pork. We were running a little late so we accepted the food as is. I'm sorry to give so much detail, but the point being made that they are probably capable of providing a tasty meal but they are rather unorganized quite uneven in the quality of their food. I'm afraid I can only give them three stars.",2018-01-05T23:14:05Z,,,,,,,,,"Colorado Springs, CO",67.0,,2.0,0.0,1.0
Yelp,5.0,"This place is delicious. Probably my favorite restaurant when I want to dine out. The food is delicious and fresh, the restaurant is clean and very cozy and the staff is very friendly and attentive. The portions are generous and the prices are very affordable. I had the Tom Kha (coconut soup) with chicken and my wife had the orange chicken with rice. Again, really tasty and fresh. We plan on coming here often.",2017-01-25T05:12:47Z,,,,,,,,,"Los Angeles, CA",14.0,,0.0,0.0,0.0
Yelp,5.0,"Most amazing Thai food in the valley! No one else compares from all the ones I have tried. The flavor is on point, they always get the order right, they poke holes in the eggroll container so you aren't left with soggy egg rolls when you get home, and the Thai tea is delicious too! The only downside is the parking situation but I will go there all the time now just bathe food is so worth it. The glass noodle salad is like wow!! Love it. Great place. Go find out for yourself!",2021-01-23T22:50:36Z,,,,,,,,,"Los Angeles, CA",39.0,,0.0,0.0,0.0
Yelp,5.0,Simply amazing Tom Yum Noodle soup here! I love this little place! Prompt amiable service and my soup was mouth watering. Come!!!,2017-04-24T19:35:39Z,,,,,,,,,"Los Angeles, CA",20.0,,0.0,0.0,0.0
Yelp,5.0,"Open new..good food ,nice owner apple ...good place people go try it....it's large menu",2017-01-13T08:24:27Z,,,,,,,,,"Granada Hills, CA",2.0,,0.0,0.0,0.0
Yelp,4.0,"Found this little restaurant on yelp while I was leaving the bank and craving some Thai. Upon pulling up I was instantly turned off and almost didn't eat here. The parking lot is small and for multiple businesses. I happened to find a spot so I decided to go in, I'm glad I did. The restaurant is very open and clean. There are booth seats which is also a plus. Now for the food, I ordered chicken pad Thai and the crying tiger dish ( which is basically steak strips with a delicious sauce ). The crying tiger dish was sooooo good it actually came with a lot of meat too. The chicken pad Thai was also very good. Not dry like some other places. The service was also amazing, I never once had to ask for a refill and I drink ALOT of water. Would definitely come back soon.",2018-09-02T22:16:15Z,,,,,,,,,"Los Angeles, CA",45.0,,0.0,0.0,0.0
Yelp,5.0,The food was fresh and tasty. Prices were very reasonable and the staff was nice. I will definitely come back again,2018-02-17T21:03:49Z,,,,,,,,,"Pasadena, CA",12.0,,1.0,0.0,1.0
Yelp,5.0,"Fresh and delicious. They don't skimp on ingredients. We had the spicy beef salad, spicy chicken salad, chow mein, spring rolls, garlic green beans with chicken and crying tiger. The only thing that was subpar was the crying tiger, because it was very dry. Otherwise everything was really tasty and this will be our new Thai spot",2018-05-28T19:27:24Z,,,,,,,,,"Los Angeles, CA",172.0,,0.0,0.0,1.0
Yelp,2.0,"I am so bummed to leave this review, since we have been eating here and loving it for years but today (I think the name changed?) we picked up our food and it was not flavorful at all. The curry tasted like curry paste with coconut milk, no other flavors and the mongolian beef literally tasted like nothing. It was so bland. We had to mix it with the curry to attempt to enjoy it. I am sad to say we will not be back.",2018-07-02T05:20:56Z,,,,,,,,,"ID, ID",352.0,,0.0,0.0,0.0
Yelp,5.0,"n absolute blast. Nicky is a funny, charismatic server, and the Spicy Basil is out of this world. Also, don't forget to try the Tom Kha Soup! Truly unbelievable Thai food at a very affordable price.",2019-06-29T01:10:12Z,,,,,,,,,"Northridge, Los Angeles, CA",4.0,,0.0,0.0,0.0
Yelp,5.0,Delicious food at a great price!! Awesome customer service as well! I tried the red curry and truly was delicious! Would highly recommend! Will definitely be coming back,2019-02-20T22:55:01Z,,,,,,,,,"Sylmar, CA",11.0,,0.0,0.0,0.0
Yelp,5.0,I have been coming here for a while and this place has a very cozy atmosphere. I love their pad see we and yellow curry!,2019-06-10T22:49:36Z,,,,,,,,,"Los Angeles, CA",1.0,,0.0,0.0,0.0
Yelp,4.0,"The only criticism I have of this place is the lighting, and booths are too low. When you go in your knees raise. Not a good seat for body posture. If you're a tall person your knees might touch the table. There is chair seating which is fine. Upon entering the restaurant, they were ringing up one person. There was no one but me & boyfriend in restaurant, 3 workers and it took them almost 10 min after the takeout customer left to greet us/take order. Call me picky, I've worked in food service, so yeah. They are great for take out. The pad Thai had too much sauce/very oily. The rice noodles were spaghetti size. Normally it's a flat noodle. And, all the pad Thais I've had haven't had so much sauce. Ordered Tom kha mild. It was delicious but was a wee more spicy than I'd like. Overall, good place.",2019-02-10T23:35:31Z,,,,,,,,,"Glendale, CA",50.0,,0.0,0.0,0.0
Yelp,5.0,"This place is amazing ! The food is always fresh, hot and tasty. We order the Wonton soup and pad Thai .",2018-07-07T21:26:07Z,,,,,,,,,"Goleta, CA",10.0,,0.0,0.0,0.0
Yelp,5.0,"Not all Thai Teas are created equal and by golly this one takes the cake!!! best Thai tea I've had in a long long time! The owner here is the sweetest and they deliver for free within 3miles and my fam lives super close. On a rainy day like today, this place will be frequented by us for sure!!! Ordered the TomYum soup w chkn and shrimp and it smells delicious and tastes even better!!! So happy this place is so close and so good. Def recommend u try this gem!",2017-02-07T23:09:57Z,,,,,,,,,"Santa Catalina Island, CA",75.0,,0.0,0.0,0.0
Yelp,5.0,"The best and most authentic Thai food in all of Los Angeles!!! My husband and I LOOOOVE Thai food; we have Thai food several times a week. We've been all over the valley and beyond in search of good Thai food (Northridge, Chatsworth, Burbank, Sherman Oaks, Van Nuys Westlake Village, Pasadena, Downtown, etc.) and have a recommendation for a great Thai restaurant in every part of the valley. We love Thai food so much we took a two week vacation to Thailand! Of all of the restaurants we've been to, this one our favorite by far! The Tom Yum was delicious - could have been spicier - but still VERY flavorful. The green and yellow curries were rich, creamy, and perfectly spiced. The owners are very friendly, the service is excellent, and the restaurant is very clean. I can't wait to keep going back so I can try everything on the menu. For anybody that loves authentic Thai food, you will LOVE Spice Up Thai!!",2017-02-02T21:21:37Z,,,,,,,,,"Los Angeles, CA",3.0,,0.0,0.0,0.0
Yelp,5.0,I just found out about this place on yelp so happy that they open in my neighborhood I really like Thai coffee with bobae and beautiful interior highly recommended,2017-01-14T19:48:22Z,,,,,,,,,"Los Angeles, CA",34.0,,0.0,0.0,0.0
Yelp,5.0,"My husband and I just recently discovered this place and we are SO happy we did. We just moved to the area 2 years ago and tried many other Thai restaurants but this is the winner. We walked in on a Sunday night and the guy at the counter was really nice and recommended a few dishes. We ordered the lum ka nad, spicy noodles and chicken satay and they were all so good and fresh! We've been ordering from here since then. This place deserves a 5 star review for the quality of the food, cleanliness and services. Thank you spice up Thai!",2020-01-09T02:35:46Z,,,,,,,,,"Van Nuys, Los Angeles, CA",14.0,,1.0,0.0,0.0
Yelp,5.0,Excellent food and excellent customer service. My favorite is Pad See Ew and it was so good. Nick server provided me an excellent service. Thank you Spice Up Thai,2019-01-01T03:00:56Z,,,,,,,,,"Los Angeles, CA",13.0,,0.0,0.0,0.0
Yelp,2.0,"Don't do dine-in here. We were the only other customers along with one other party and service just sucked. You'd think it wouldn't be an issue to wait for a check or for water, but nope. They cater to the delivery and ToGo orders. Food was just okay and spicy as they are named. Won't go back.",2017-11-05T19:27:35Z,,,,,,,,,"Los Angeles, CA",143.0,,1.0,0.0,0.0
Yelp,5.0,"Omg may I say the food is FREAKING DELICIOUS. Service was great friendly, the food amazing as if my momma or auntie made it .. may I say fresh and fast service and great lunch special 8 bucks",2017-08-03T05:26:51Z,,,,,,,,,"La Puente, CA",31.0,,2.0,0.0,0.0
Yelp,5.0,I try spicy basil leave with ground chicken med spicy and coconut soup med spicy OMG !!!! I can't believe it the test so good and love it love this place and Servies apple very friendly she so nice I will came back !!!!! U should try,2017-09-26T03:42:18Z,,,,,,,,,"Los Angeles, CA",6.0,,1.0,0.0,1.0
Yelp,5.0,"Delicious and fresh. We didn't have a lunch special but we did go for lunch. Ended up getting the seafood soup, dumplings steamed and papaya salad. It was all super fresh and did not taste like it had been sitting there for a week. Dreaming about the soup ever since. Going back soon.",2017-09-15T02:52:03Z,,,,,,,,,"Woodland Hills, CA",115.0,,1.0,0.0,1.0
Yelp,5.0,Really cool place live the look of it and really nice people here food is bomb forget vim,2021-02-27T05:05:55Z,,,,,,,,,"Granada Hills, Los Angeles, CA",1.0,,0.0,0.0,0.0
Yelp,5.0,"I use to go to Rincome Thai for years but lately their food hasn't been that good. Wanted to try a new Thai spot so I tried Prem's Thai kitchen and they were pretty good. I then came across Spice Up Thai on yelp and wanted to give it a try because it's close to home. Needles to say, Spice Up Thai is my new go to for great Thai food! Best Thai food I've had in the valley!",2017-06-30T22:24:50Z,,,,,,,,,"Los Angeles, CA",15.0,,1.0,1.0,3.0
Yelp,2.0,Used to be way better then when it was sweet basil thai. Ordered spicy garlic green bean with meat and a side of fried rice. I don't how the fried rice has more meat than the main dish. FYI there's only one size fried rice. Whether it has meat or not it's still the same price doesn't make sense but ok. All in all it was way better before than what it used to be.,2018-05-10T02:08:50Z,,,,,,,,,"San Fernando, Los Angeles, CA",3.0,,0.0,0.0,0.0
Yelp,5.0,"I miss Vince when it was Sweet Thai Basil, but this place hasn't skipped a beat! The Tom Kha was on point as was the remodeling. Good luck & much success!",2017-02-11T23:33:27Z,,,,,,,,,"Granada Hills, CA",3.0,,0.0,0.0,0.0
Yelp,5.0,I took my mom out here today for her birthday because she loves Thai food and other yelp users gave it the highest rating for a Thai place in the San Fernando Valley. They were right to give it 5 stars and I am doing the same. The service was amazing! We were treated like royalty from the time we came in the door till we went out. The food was delicious and beautifully presented. When I told the waitress it was my mom's birthday she wished her a happy birthday and then surprised us by bringing out a dish of coconut ice cream with a candle free of charge after the meal. The atmosphere was very nice with soft music in the background. The restaurant is beautifully designed with simple but colorful and well thought out decor. I highly recommend this place and will definitely be back!,2017-02-11T02:52:10Z,,,,,,,,,"Mission Hills, Los Angeles, CA",7.0,,0.0,0.0,0.0
Yelp,2.0,Food is okay... I miss Sweet Basil's Thai food and service. Waitress was definitely unattentive to customers.,2017-10-23T01:55:59Z,,,,,,,,,"Los Angeles, CA",7.0,,1.0,0.0,0.0
Yelp,5.0,I am very happy to eat dinner yesterday at Spice Up Thai restaurant. Excellent food & also the service provided by Apple. I recommend all my friends to eat in this Restuarant,2017-12-09T07:15:07Z,,,,,,,,,"Reseda, CA",1.0,,0.0,0.0,1.0
Yelp,5.0,This small cozy place has amazing food! Orange chicken is bomb and fried rice was so good too. The owners (i think it was them) were really nice!,2017-09-29T01:32:50Z,,,,,,,,,"Los Angeles, CA",22.0,,1.0,0.0,0.0
Yelp,1.0,"This was my first time trying Spice Up and I was disappointed. I ordered the papaya salad - it was completely drenched in spicy vinegar and it just killed the whole salad. I really wanted to get some is the sweetness from the papaya. The salad also came with a large wedge of cabbage, which didn't compliment the salad very well. I also ordered the Pad Thai. The only thing I enjoyed in this dish was the shrimp. The noodles were very overcooked and clumped together. The tamarind based sauce tasted very generic and American (like that of a jar you could get at a grocery store). Next is the Pad See Ew. Again, the noodles were extremely overcooked and clumped together. The dish was very very salty. The beef taste burnt and absolutely loaded with pepper or some spice that did not carry a pleasant taste. Probably one of the most sub-par plate of this usually delicious noodle dish I have ever encountered. I also had a side order of some pan fried dumplings. I am almost positive they were brought in from some distributor that probably also makes deliveries to the food court at your local mall. Would not recommend. Finally, the won-ton soup. This was delicious and I have no complaints. The broth had really good flavor. The food most definitely was not worth the $43 that I paid. I usually go to Hollywood and NoHo to get my Thai takeout, but I always try and give the local new Thai spots a try hoping I find a good spot close to home. Spice Up Thai gets 2 thumbs down from me.",2017-09-21T03:17:14Z,,,,,,,,,"Van Nuys, Los Angeles, CA",3.0,,1.0,0.0,0.0
Yelp,2.0,"The food was ok for the most part (ordered combination fried rice, mixed vegetables with chicken and beef, and yellow curry) but just ok. The curry I ordered mild but it was SO spicy it was inedible. I eat Thai food regularly and am not sensitive to the spice. Going to bed hungry tonight. Disappointed.",2018-02-26T05:57:33Z,,,,,,,,,"CA, CA",44.0,,0.0,0.0,0.0
Yelp,5.0,Best pad Thai in town!!! I loved all the selections in the menu. There Thai tea boba is also delicious.,2018-12-28T18:12:41Z,,,,,,,,,"Moorpark, CA",7.0,,0.0,0.0,0.0
Yelp,5.0,I love coming here. The food is amazingly delicious. The people here are all friendly. My family comes here almost everyday so I don't have to cook,2017-11-06T20:25:15Z,,,,,,,,,"Granada Hills, CA",2.0,,0.0,0.0,1.0
Yelp,5.0,First time here since sweet basil closed down. I ordered the garlic pepper beef and a side of white rice. My friend ordered pad see ew with shrimp. Good ratio of shrimp to noodle and broccoli. She also a bowl of wonton soup. She absolutely loved the soup. She said the broth was the best part of the soup. I enjoyed my food. The beef was of great quality. The egg rolls we got had a bit of a frozen after taste to them. The host/waitress was great on checking in and refilling our waters. She even gave us a complimentary Thai iced tea.. My friend said the Thai tea was amazing! I don't like it over-all but I trust her word on that. I would come back and reccomend this spot to others. Nice friendly service.,2017-02-13T23:50:25Z,,,,,,,,,"Granada Hills, CA",98.0,,0.0,0.0,0.0
Yelp,5.0,Excellent food excellent value. I had pad see ew and spicy noodle. Both were great. Calamari was good too.,2018-05-05T01:10:39Z,,,,,,,,,"Gold Canyon, AZ",125.0,,0.0,0.0,0.0
Yelp,3.0,"Not a bad choice for Thai food, and they deliver! Worth checking out.",2017-11-30T20:18:23Z,,,,,,,,,"Abilene, TX",236.0,,0.0,0.0,0.0
Yelp,4.0,Nice place. There was a small mistake that they took care of immediately. The food wasn't bad and the service ended up being beyond mediocre,2020-06-29T01:37:04Z,,,,,,,,,"Van Nuys, Los Angeles, CA",5.0,,0.0,0.0,0.0
Yelp,5.0,"This is now one of favorite Thai restaurants in my neighborhood. We ordered the BBQ pork ribs, spicy chicken wings and chicken fried rice. The meat on the ribs was flavorful and just fell off the bone. The chicken wings were crispy from the outside and tender from the inside. The flavor was sweet with a mild hint of spiciness. I've also had their lunch specials and you get so much food for less than $10. Love this place!",2017-08-20T03:30:56Z,,,,,,,,,"Los Angeles, CA",23.0,,0.0,0.0,1.0
Yelp,5.0,"Best Thai food I've ever had the pad see eww, spicy beef salad, glass noddle, and tom kha soup all are amazing!!!! I would eat this evernight! Great price, and service was amazing! Such nice people!!!",2017-02-18T02:00:18Z,,,,,,,,,"San Fernando, CA",73.0,,2.0,0.0,0.0
Yelp,3.0,"The chicken my Tom Kah soup was over cooked and very tough great otherwise, the Pad Thai wasn't as fresh as would have liked, clumpy and sticky. The Calamari was great though. Very friendly host.",2018-12-06T01:53:34Z,,,,,,,,,"San Francisco, CA",1.0,,0.0,0.0,0.0
Yelp,4.0,"Clean interior, brightly lit, and great customer service that comes with a big smile from Lita every time I've been here. This time I had the Pad Thai with shrimp and they gave me a free gyoza appetizer for writing a Yelp review :) the Pad Thai was tasty and came out quickly, which I appreciated since I was super hungry. Some Thai restaurants have a bland Pad Thai with over cooked noodles, but this new restaurant does a good job with flavor overall and noodles were perfectly chewy and well seasoned. The gyoza was perfection, no complaints here! Big thing for me at Thai places is that they remember not to let any peanuts or peanut oil even touch my food because I'm deathly allergic (though I don't carry an epi-pen, too pricey! And I've been avoiding peanuts in my food for 29 years now, pretty familiar with which Southeast Asian dishes usually have them.) I have never had a problem with this here, they're very attentive to detail. The only struggle with eating here is that the parking lot is tiny, but the food & great customer service is worth it, so I keep coming. Besides, it's next to a Chinese massage spot!",2017-02-04T23:25:23Z,,,,,,,,,"San Fernando, CA",147.0,,1.0,1.0,1.0
Yelp,4.0,"Took a chance a few weeks ago on this place and was very satisfied with what we ordered. Came back again this past weekend to pick up our takeout order, but had to wait a bit only because parking in that small plaza lot is terrible. Other than that, we will definitely eat here again.",2018-02-06T02:34:05Z,,,,,,,,,"Los Angeles, CA",13.0,,0.0,0.0,0.0
Yelp,5.0,"Hi everyone I recommend spice up Thai food :) if you are hungry for home made Thai come here the food is fresh and so good, service is great is family own. Owner is a doll and sweet person,",2017-07-06T00:25:42Z,,,,,,,,,"Granada Hills South, Los Angeles, CA",1.0,,0.0,0.0,1.0
Yelp,5.0,"This is by far the best spot in the SFV for Thai Food. As authentic as it can get. The servers are extremely friendly and welcoming. To simply put it, great vibes, great food, and great people. This place is easily 5/5 stars.",2017-10-24T23:56:59Z,,,,,,,,,"Los Angeles, CA",9.0,,0.0,0.0,0.0
Yelp,5.0,"The people here are so nice. Ordered vegan food for pickup and because the order took a little bit longer (with regular updates), the lady in the front brought me Thai tea. When I told her I couldn't have the Thai tea, she profusely apologized and offered to redo without milk. If their food tastes as good as their customer service I will be coming back. (PS I was not offered anything to write a review. It's nice to see people who care). This place seems to have definitely improved over the previous owners",2017-03-12T03:31:17Z,,,,,,,,,"Glendale, CA",26.0,,1.0,0.0,0.0
Yelp,5.0,"I LOVE LOVE LOVE Spice Up Thai! By far my favorite restaurant! The food is always so so fresh and cooked with so much love you can see it in every dish. These people work so hard to fulfill their customers and make them happy. Truly am so thankful that i came across spice up Thai because literally everything on the Menu tastes incredible and the hospitality is amazing. My favorite is the Tom Yum soup and the green papaya salad:) ANY of their curry's are to die for and so authentic. Tastes so home cooked and delicious it will leave you wanting more lol. I pride them on how sweet and hard working they are, thanks for all that you do:) anything less then 5 stars for this place is a lie and I'll always be back.",2020-07-22T22:11:10Z,,,,,,,,,"Granada Hills, Los Angeles, CA",3.0,,0.0,0.0,0.0
Yelp,4.0,"Good food , can't say anything about the service because I never actually eaten in there. I only order delivery or take out. Prices are fair, food is food a must try if you're in the area",2017-03-30T03:51:44Z,,,,,,,,,"Killeen, TX",32.0,,1.0,0.0,0.0
Yelp,1.0,"Last weekend, I ordered in delivery. Over the phone a man told me about 45-50 minutes until it would arrive. So we waited and at about an hour and twenty minutes past. I called back and asked them if the food was ready? If it wasn't then I no longer wanted it. The man told me that 3 out of 4 items we're ready. I told them no it's been over way over the time they gave me. I then hung up. About a minute later, I was called back. The same man said everything is ready, their driver was on the way back and he would give me 50% off of my $35 order. We agreed and said fine. In about 15 minutes a driver calls me from a personal number saying he's outside. So I took cash not knowing how much it would or wouldn't be. He greeted me nicely and apologized. I held out the cash getting ready to count. I asked him how much it was and he said he'd give a discount. I said yes, a discount. He said ok I charge you only $30. In my head I was just thinking about how I wanted the food and wanted all this over with. So I just handed it over and took in the food. Later on, my mom asked how much I paid. I told her $30. She was shocked saying the scammed me. I shouldn't have given more than $20. She called back the restaurant telling them they scammed us and we will not be returning back. The man told her that he instructed the driver to only charge $10!! My mom let him know that wasn't the case. I was told $30. The man tried to keep her on the line saying hold on the driver just came back and he would talk to him. My mom said no and that would be a personal business matter, but we would not be returning to the restaurant. About 5 minutes later, I was receiving 2 calls back to back from the driver's number. I did not answer, not knowing his intentions or wanting to deal with what happened. For us, it no longer mattered since what has been done is done. But the fact that I was told a discount to take the food, but charged a higher price is outrageous. Maybe the driver tried to take a $20 tip. Who knows? But this was not okay. It ruined the rest of our night and we had lost our appetite.",2019-05-11T04:45:56Z,,,,,,,,,"Los Angeles, CA",35.0,,0.0,1.0,0.0
Yelp,5.0,Amazing staff! Very clean and organized. Tom Yum Shrimp soup is my favorite. Great place to eat Thai. Definitely will order again!!,2017-11-28T00:42:09Z,,,,,,,,,"Los Angeles, CA",10.0,,0.0,0.0,0.0
Yelp,3.0,"First time here , we were around the area and decided to stop in.. Food was. Delicios! Had the yellow curry ,orange chicken and pad thai super spicy noodles.. Had to wait about 30 mins for take out but the sweet lady gave me a free iced tea for waiting...the reason I'm giving them 3 is because of its location ...super small plaza with like maybe 10 super tight spots..dont know if they had additional parking in the back",2017-07-18T01:07:50Z,,,,,,,,,"Los Angeles, CA",83.0,,0.0,0.0,0.0
Yelp,3.0,"First time ordering from this place. I was surprised of how fast the delivery guy came with my order. I ordered Pad See Ew and the Orange Chicken. I thought the Orange chicken was pretty good but was expecting rice to come with it. I guess not, no biggie. The Pad See Ew was just okay and I think it lacked flavor. I think maybe I'll give them another chance in the future and try some of their other plates.",2017-09-05T03:36:08Z,,,,,,,,,"Granada Hills, Los Angeles, CA",43.0,,0.0,0.0,0.0
Yelp,5.0,I've been searching for good Thai spots around my area and I found this spot that has amazing Thai food I got the pad see ew and white rice and it was good the only problem I had was that I did wait a longer time than I expected for my food but overall food was good I will be returning soon nom nom,2020-06-08T06:10:39Z,,,,,,,,,"Granada Hills, Los Angeles, CA",7.0,,0.0,0.0,0.0
Yelp,5.0,Great Thai food. Ordered the kang pao chicken and rice. Great customer service. Will definitely be returning.,2017-10-09T00:48:01Z,,,,,,,,,"Sylmar, CA",13.0,,0.0,0.0,0.0
Yelp,5.0,"The price is reasonable and the portions are HUGE. Their Pad Ka Nam Curry is delicious and they can make it as spicey as you can handle it! Their customer service is definitely the best around. The space is clean, fast service, and its usually quiet but you always have people walk in. Definitely have been here about twice and I try to remember to leave a review. But check these guys out. So worth it. Only thing is the parking lot is small but that's LA for you!",2017-05-26T07:55:12Z,,,,,,,,,"San Francisco, CA",26.0,,0.0,0.0,0.0
Yelp,5.0,"Authentic! Very affordable and amazing service especially after you introduce yourself. Me and my wife are big fans of thai food but it's very saturated and there's no more than 1 to 2 decent places in all of Los Angeles. Their food is great! Never too much sauce, but always lots of flavor. Veggie egg rolls are amazing...but then so is everything on their menu!!!!! Also great service each time we go in",2017-09-17T07:03:27Z,,,,,,,,,"Los Angeles, CA",22.0,,0.0,0.0,0.0
Yelp,4.0,"I have been ordering food to go here for months. My favorite is their ground chicken pad ka paow. That this is so full of flavor. I love drizzling the sauce in my rice...so yummy! Their Pad see ewe also has delicious flavor. I knocked down one star because the Thai fried rice was really bland. I don't understand why it is since it has onions and tomatoes but it just lacks flavor. Also, there is a smell in the restaurant that I don't like. I can't quite put my finger on it but I can't stand it. I'm glad I only get the food to go.",2017-05-11T17:16:03Z,,,,,,,,,"San Juan Capistrano, CA",331.0,,0.0,0.0,0.0
Yelp,5.0,"Super tasty pad Thai! I ordered the lunch special with shrimp pad Thai and it was super flavorful and very filling. It came with 2 won tons, rice and a side salad. The Thai iced tea is great as well.....I can't wait to try the other items in the future and highly recommend trying this new spot!",2017-03-10T20:23:56Z,,,,,,,,,"Los Angeles, CA",110.0,,0.0,0.0,0.0
Yelp,5.0,"I ordered the shrimp Tom kah soup and the chicken pad Thai and both were excellent. The portions were huge, I had leftovers for days. I also ordered the Thai tea and I will say it was very sweet, I kept trying to water it down, which seemed to make it last forever. I would definitely order from here again next time I'm craving great Thai food",2020-06-04T08:53:26Z,,,,,,,,,"Los Angeles, CA",57.0,,0.0,0.0,0.0
Yelp,5.0,"Finally, a great thai place that is affordable and close to home. My wife and I have been here three times and everytime the food is excellent, authentic thai. We love the crab fried rice. Loaded with real crab meat. Pad Thai and Pad see ew are very tasty and fresh. Crying tiger is tender and seasoned just right. Love that we don't have to drive to reseda for real thai food. Owner is really nice, and food was on-time for take out all three times. Have yet to dine in but the restaurant is nice and clean. The only negative is the parking spaces are kind of tight but not a huge deal.",2017-03-21T18:27:22Z,,,,,,,,,"Huntington Beach, CA",28.0,,0.0,0.0,0.0
Yelp,5.0,Tried for the first time tonight and I'm so happy that I did. I ordered a Thai iced tea and the garlic black pepper with vegetables and it was absolutely delicious! Nikki was great. Will definitely eat there again soon!,2019-11-18T03:00:42Z,,,,,,,,,"Los Angeles, CA",10.0,,0.0,0.0,0.0
Yelp,5.0,Best Thai food I've ever had . Ordered to go and the food was made in a timely fashion . The owner is lovely and the food was so amazing . Love the new remodel .,2017-03-15T06:01:39Z,,,,,,,,,"Granada Hills, CA",54.0,,0.0,0.0,0.0
Yelp,1.0,"I have ordered from this restaurant twice. First time they were out of green beans so i had to pick a different entree. Tonight, tried them again & they were out of chicken and sticky rice! I ordered thru Eat24 who was completely unhelpful and didn't let me know they were out of these items so I didn't get to have dinner. They were 35 minutes late on the delivery & my friends meal was cold. I will not be ordering from this place again. I have no idea what their food tastes like because I have yet to actually get any of it other than pad thai.",2017-10-29T03:28:09Z,,,,,,,,,"Sherman Oaks, CA",10.0,,0.0,0.0,0.0
Yelp,5.0,"Wow this place is delicious & great value. Friendly staff, very generous portions, great customer service. Tried several dishes and non disappointed!! Will be coming to dine-in and/or to-go order.",2018-09-04T04:12:32Z,,,,,,,,,"SYLMAR, CA",3.0,,1.0,0.0,1.0
Yelp,5.0,"Incredible,Thai food.my new favorite place to eat in Granda Hills. treat yourself to the best Thai restaurant in the area.i love it.i was so impressed i was worried because they are new owners but wow it is so tasty and they are so nice wonderful experience!",2017-04-29T23:39:47Z,,,,,,,,,"San Fernando, CA",4.0,,0.0,0.0,0.0
Yelp,5.0,"Great place. The people here are very humble and sweet. The food is flavorful and they have a great variety of it. Definitely a place to go if you live in the Granada hills area. Enjoy mates, I know I did for sure !",2017-03-09T16:50:02Z,,,,,,,,,"Granada Hills, CA",74.0,,0.0,0.0,0.0
Yelp,5.0,"Just got here, but so far so good! Fool looks great! Thai iced tea is delicious! Will review the food after we have been served. (Free appetizer with Yelp review)",2017-02-05T04:24:56Z,,,,,,,,,"Moorpark, CA",47.0,,0.0,0.0,0.0
Yelp,5.0,"My friend recommended this place but never had the time to come. When I finally came to this place I ordered the coconut soup and it was delicious. I also ordered the spice beef salad, the first bite was like heaven. I now love this place and this will be my go to thai place!!!",2017-09-30T16:10:14Z,,,,,,,,,"Plano, TX",9.0,,0.0,0.0,0.0
Yelp,4.0,"Ordered delivery from here twice and it had its highs and lows. The good: *Fast. Really fast. This is the fastest delivery I've ever had, which when your starving, is greatly appreciated. *The wings are very, very good. Not too spicy and full of flavor. *The orange chicken. On the spicy side, but crisp and tasty. *the BBQ pork ribs. These are fall off the bone, rich, and delicious. They made great leftovers *free Thai iced tea. Hard to argue with. The bad: *Pad Thai. The chicken was actually so dry it was crumbly. The noodles were mushy and there was a shocking lack of flavor. Very disappointing. *the rice. Somehow dry and mushy at the same time. I think they may not have cleaned it before cooking? Overall a good experience, but definitely with room for improvement.",2017-09-27T01:15:38Z,,,,,,,,,"Los Angeles, CA",4.0,,0.0,0.0,0.0
Yelp,5.0,"Rainy day & I was looking for comforting tasty soup. Did a Yelp in my hood & found Spice up Thai eatery. Decided to give it a shot. Ordered small Tom Yum Soup & a Thai salad. Both very tasty. The soup was exactly what I was looking for. Warm, flavorful & light. The salad flush with greens, tomatoes, cucumbers, egg, carrots & onions with a side of Thai dressing. Hit the spot! And My go to Thai spot in neighborhood",2017-02-21T20:31:23Z,,,,,,,,,"San Fernando, CA",38.0,,0.0,0.0,0.0
Yelp,5.0,"If I could I would give this place 10 stars. They close at 9 but if you call them and tell them you're on your way they'll wait for you and tell you to take your time, and they'll treat you with no rush. They're super friendly and most important part everything on the menu is great!",2018-10-01T04:07:50Z,,,,,,,,,"Los Angeles, CA",4.0,,1.0,0.0,0.0
Yelp,5.0,"Loved this place, the food was fire and the waiter was very nice and courteous, I'll definitely be returning here in the future!",2019-09-13T01:23:21Z,,,,,,,,,"Chatsworth, Los Angeles, CA",2.0,,0.0,0.0,0.0
Yelp,4.0,"It's good food, to be sure. I've had it delivered a couple of times and they had some issues getting the order right (specifically, I have a relative allergic to bell peppers and they left them in twice after specially ordering the dishes with no bell peppers) However, the food definitely tastes good, arrived on time, and was fairly priced.",2020-01-04T06:31:57Z,,,,,,,,,"San Fernando, CA",7.0,,0.0,0.0,0.0
Yelp,1.0,"This was the most disappointing Thai food experience I have ever had. The chicken that was used to make their orange chicken was old. The Tom kha noodles had a strange sweaty sock flavor. I would avoid this place if you are looking for authentic Thai food. If you're looking for Americanized Thai food, this is your jam!",2017-03-12T20:25:50Z,,,,,,,,,"Aliso Viejo, CA",17.0,,0.0,0.0,0.0
Yelp,5.0,I'm super happy this place opened up in the neighborhood! The food is really good and super cheap. Everything is fresh and well-made. The Thai Beef Salad is AMAZING!!!,2017-12-13T03:42:14Z,,,,,,,,,"Los Angeles, CA",24.0,,0.0,0.0,0.0
Yelp,5.0,"Friendly service and eager to accomodate vegetarian requests. Delicious, we shared the Tom Kha Soup with tofu and Spicy Eggplant.",2017-02-08T21:40:23Z,,,,,,,,,"Los Angeles, CA",28.0,,0.0,0.0,0.0
Yelp,5.0,Probably the best Thai in the area! Pad Thai Shrimp and the Panang are must haves. Definitely authentic. Love the mango and sticky rice also!,2017-04-21T02:04:34Z,,,,,,,,,"Granada Hills, CA",10.0,,0.0,0.0,0.0
Yelp,5.0,Best Thai food in the valley! Friendly staff and fast service. Parking sucks so I park across the street. Panang curry rocks so do the soups,2017-11-04T02:58:15Z,,,,,,,,,"Granada Hills, Los Angeles, CA",1.0,,0.0,0.0,0.0
Yelp,1.0,This is horrible...When you order a vegetable and tofu pad thai with no peanuts they still add peanuts to the meal when clearly someone has a really bad peanut allergy!!!,2017-10-25T03:37:04Z,,,,,,,,,"Los Angeles, CA",7.0,,0.0,0.0,0.0
Yelp,1.0,"showed up 730pm on a saturday, walked in, only 2 people there, guy says "" we have a big order ahead of you so it's going to take 25 minutes"" no thanks, sheesh",2018-09-02T02:31:59Z,,,,,,,,,"Sparks, NV",106.0,,0.0,1.0,0.0
Yelp,5.0,Good food excellent service!!!!! Strongly recommend!!! And the price is super reasonable!!!! You will love this friendly restaurant!!!,2017-09-26T03:46:01Z,,,,,,,,,"Reseda, Los Angeles, CA",7.0,,0.0,0.0,0.0
Yelp,5.0,LOVE THEIR FOOD My favorite dish at any Thai restaurant is combination fried rice. & with every restaurant they have their own spices but Spice Up Thai Eatery is by far my favorite! I go all the time and the staff is wonderful :),2019-05-26T21:22:22Z,,,,,,,,,"Porter Ranch, CA",12.0,,0.0,0.0,0.0
Yelp,5.0,I had lunch today with my hubby and it was our first time eating there let me say that it was a amazing experience not only the food was so good customer service was excellent and this place so clean for sure we will be going soon!,2017-12-02T23:59:06Z,,,,,,,,,"Granada Hills, Granada Hills, CA",4.0,,0.0,0.0,0.0
Yelp,5.0,Everyone here is extremely nice and always great service every time I've come here. The server is amazing and the owner is the sweetest owner I've met.,2019-09-12T19:18:05Z,,,,,,,,,"Granada Hills, Granada Hills, CA",2.0,,0.0,0.0,0.0
Yelp,5.0,"This restaurant is my favorite Thai spot in Granada Hills. The restaurant is clean, the food is delicious, and the people are very attentive and nice.",2019-09-06T19:02:51Z,,,,,,,,,"Granada Hills, Granada Hills, CA",5.0,,0.0,0.0,0.0
Yelp,5.0,"I have been coming here for a couple years now ever since they switch ownership and I have nothing but positive things to says. I love their Pad Thai, Tom Ka soups, and spicy fried rice. They can get busy at time during the dinner rush but the wait is worth it.",2019-09-05T23:40:23Z,,,,,,,,,"Panorama City, Los Angeles, CA",1.0,,0.0,0.0,0.0
Yelp,5.0,l am a vegetarian and I alway order the vegy fried rice or the vegy chowmein. these two are alway delicious. i recommend this place 100 percent,2021-09-04T18:42:27Z,,,,,,,,,"CA, CA",3.0,,0.0,0.0,0.0
Yelp,5.0,This place is delicious!! I've ordered from here multiple times! Their food speaks for Itself- so glad to have found this gem of a place...good food with reasonable prices! Would recommend and will definitely be coming here and ordering more from them more often.,2018-04-06T14:42:16Z,,,,,,,,,"Northridge, Los Angeles, CA",106.0,,1.0,0.0,0.0
Yelp,5.0,"Just ordered the chicken pad Thai, pork fried rice & orange chicken. All REALLY good! My only complaint is white rice is extra. I love pad Thai, and I don't know if it's because I told him I like my pad Thai extra sweet? But it came out saucy and super delish!",2017-01-29T22:42:31Z,,,,,,,,,"Tarzana, CA",32.0,,0.0,0.0,0.0
Yelp,5.0,"The portions are amazing for the price! The foods always good, I love the pineapple curry with tofu. I eat here whenever I come to Granada hills!",2017-04-19T03:39:54Z,,,,,,,,,"Northridge, CA",1.0,,0.0,0.0,0.0
Yelp,5.0,Awesome attentive customer service and great Thai food. Overall enjoyable time with friends,2017-04-13T20:23:52Z,,,,,,,,,"Los Angeles, CA",4.0,,0.0,0.0,0.0
Yelp,5.0,"Great new shop. Right down the block for me. Very fair prices and the quality of the food is what you pay for. If you want quick and fresh Thai food, this is the place to go! Ordered the spicy fried rice to go and it was delicious!",2017-04-11T18:15:57Z,,,,,,,,,"Granada Hills, CA",11.0,,0.0,0.0,0.0
Yelp,1.0,"I will not come here again. The customer service is very bad. The girl that took our order seemed bothered with our request. Our Soup was more noodles then soup. I asked if she can add soup the actual liquid she said ""no what you think I can just add it?!""I have to make it. It was a two people soup, it seemed like a bowl for one. She could've said sure it will be a little extra. I could've paid for extra soup so I can finish noodles. They might as well gave me a bowl of noodles only, also it was shrimp flavor I only got 5 shrimps and not enough mushrooms.",2018-10-11T15:26:08Z,,,,,,,,,"CA, CA",120.0,,0.0,0.0,0.0
Yelp,5.0,"Heard about this place through some friends and wasn't disappointed. Everything was great and priced cheap! Driver was a really nice guy, I think his name was nikky. Delivery was fast and still steaming when we got it. 5 stars I'll be ordering again soon!",2017-06-30T01:44:25Z,,,,,,,,,"Los Angeles, CA",12.0,,0.0,0.0,0.0
Yelp,5.0,Staff and owner are very friendly and food is great. I especially like having to order the shrimp pad Thai. I've been going here many times ever since I found the place.,2019-06-15T02:29:27Z,,,,,,,,,"Bakersfield, CA",3.0,,0.0,0.0,0.0
Yelp,5.0,I come here for lunch on occasion and have never been disappointed. The lunch special is $8 and the portions are a good size. I have always gotten the take out so I cannot comment on the service inside. The same lady takes my order every time I call and she is very friendly. The food is always hot and ready when she says. It is definitely worth a try.,2017-06-08T19:51:32Z,,,,,,,,,"Valencia, Valencia, CA",11.0,,0.0,0.0,0.0
Yelp,5.0,Apple and Nicky are the best. I love everything they make. From the curry to the noodles. My favorite is the pad see ew,2019-05-26T03:08:43Z,,,,,,,,,"Panorama City, Los Angeles, CA",1.0,,0.0,0.0,0.0
Yelp,5.0,"We don't live in the area, but my wife and I were down for the weekend and dropped by this place because it was nearby on yelp. We love Thai food and have tried many places, but this had simply the best Thai Curry I have ever had. The owner was very attentive and genuinely friendly. Would highly recommend to anyone looking for great Thai food! Wishing this business owner the best of luck with the new restaurant!",2017-01-22T19:58:17Z,,,,,,,,,"Salinas, CA",2.0,,0.0,0.0,0.0
Yelp,2.0,"I used to love this place, but the current management seems to be making some poor decisions lately. For one they used to have duck curry, and when we ordered last night they said they no longer have it. While I liked Duck Curry I'm sure there could be other reasons why they no longer carry it. The bigger misstep is the size of their rice. We used to order 1 side of rice, and it was plenty for two orders of curry. Last night I ordered 2 curries and rice, and it was never mentioned to me this change, or at least letting me know one rice won't be enough for 2 curries. When the Order came the rice was in a tiny cup. I called up, and admittedly I was frustrated, and I got rude. They offered to send me another rice free of charge, thank you, but even with the 2nd little cup it was not enough. I imagine the rice is the least expensive thing for them, and for them to get stingy on their portions seems silly. I don't plan on ordering from them again because of this, since to me the rice is an important part of the meal. I wonder how many other customers they are losing over this to save a few pennies on rice.",2019-05-13T17:32:05Z,,,,,,,,,"North Hollywood, CA",5.0,,0.0,0.0,0.0
Yelp,5.0,"Great food got the #79.Orange chicken and it was delicious and my husband got #35. I believe it's called Tom kha noodle soup had coconut flavor good size in portion. the owner she was very nice, inform us they just open and re model 4 days ago it's very clean and nice inside we will be going back very soon good food fair prices",2017-01-15T08:59:27Z,,,,,,,,,"San Fernando, CA",7.0,,0.0,0.0,0.0
Yelp,5.0,"If your a fan of thai food you came the right place. The new owner Apple is about as friendly as they come. The prices are very reasonable but more importantly the food is killer!! I get the spicy noodles every time and try something different to explore the menu. I have not been let down once. The curry dishes are fantastic. We like spice but medium is plenty. Great food, friendly people...how can you go wrong? Dont miss out on a hidden jewel.",2017-05-09T05:51:44Z,,,,,,,,,"Granada Hills, Granada Hills, CA",1.0,,0.0,0.0,0.0
Yelp,5.0,Went here for the lunch special and the price for this amount and quality of food is awesome! The sweet and sour pork was cooked perfectly and the yellow curry had just the right amount of spice for my taste. Would really recommend!,2017-04-27T21:09:01Z,,,,,,,,,"Northridge, Los Angeles, CA",5.0,,0.0,0.0,0.0
Yelp,5.0,This is my favorite Thai Food place. My husband and I've been coming here for about a year and every time we eat here or order take out is always delicious/great. The BEST Thai Food!,2018-05-29T04:59:55Z,,,,,,,,,"Los Angeles, CA",38.0,,0.0,0.0,0.0
Yelp,5.0,The food is great here and the Thai iced tea is delicious!! Love the cashew nut chicken and crab fried rice!,2018-12-30T04:14:58Z,,,,,,,,,"NORTH HOLLYWOOD, CA",5.0,,0.0,0.0,0.0
Yelp,5.0,Great beef fried rice and Thai Tea. I've eaten here several times and tried several things. Haven't been disappointed. I was having trouble finding a good Thai place. Not anymore!,2017-10-26T18:43:50Z,,,,,,,,,"Granada Hills, CA",5.0,,1.0,0.0,1.0
Yelp,5.0,"3rd times a charm...... I tried another dish. This time it was the Drunken Noodles. I've heard a lot of people talking about it, so I figured I would give it a shot. It was delicious even though I don't like green bell peppers. I picked them out and then devoured the noodles with shrimp. Another 5 star selection.......",2017-03-28T05:54:50Z,,,,,,,,,"North Hills, Los Angeles, CA",20.0,,0.0,0.0,0.0
Yelp,5.0,"I'm a BIG fan of Thai food, I have been one for the last 25 years or so. When I worked at the miracle mile near downtown LA, my ex boss used to treat us to lunch every Thursday and my co-worker a Thai girl knew where to go in Thai town to get us the most tasty and fresh Thai food, since then, I developed a taste for it, so I consider myself someone who knows what a good tasting, fresh and original Thai food should taste like. Today as I was driving to pick up my son from school in Grabada Hills, since I had an hour or so to spare, and it was lunch time, I had decided to stop at the subway on Balboa and Chatsworth, as I'm walking tours subway, I noticed a new place next door to subway. ""Spice Up Thai Eatery"" For obvious reasons, I decided to go in. A sweet Thai lady greeted me, and we proceed to engage in conversation , when I saw her face I knew I have seen her some where, she proceed to say that perhaps in a Thai restaurant in Reseda where she worked, and in fact my husband and I went to that restaurant where Apple (that's her name) was our server. Long story short, as per her subjection, I ordered pad thai, lunch is $8.00 and includes a small salad, soup and your entrée. The salad, super fresh, the sour soup delish, and the pad thai made to order. From the greeting at the door, to the food, I give this place a 5 stars. Take it from someone who's been looking for an authentic, delicious, and budget friendly thai place here in the Valley! Come and try it for yourself, you won't regret it.",2017-03-15T22:23:54Z,,,,,,,,,"Los Angeles, CA",2.0,,0.0,0.0,0.0
Yelp,1.0,"I literally had to write my first review after my experience at this place today. Went for dinner and paid 20 bucks for fried rice and crab rangoons. The front counter girl was so unprofessional and rude. Refused to give me extra sweet and sour sauce, literally held on to it. After being surprised by her actions, I even stated I would pay for it. I mean i just paid 20 dollars for my food (she literally tried to take sauce out of my hand). Then she charged me a buck each for the small containers of sauce. The food is not even good, rice was over cooked and crab rangoons were stuffed with cream cheese hardly any crab meat smh NEVER going back here!",2017-03-13T02:31:12Z,,,,,,,,,"North Hollywood, Los Angeles, CA",7.0,,0.0,0.0,0.0
Yelp,5.0,"Really flavorful and consistent. Very friendly staff. I think the food is much better since the change of ownership/restaurant name. Pad Thai is one of the best I've had, green curry is tasty, pineapple fried rice is another good one. They always get my order correct. All praise, no complaints.",2017-11-12T03:30:22Z,,,,,,,,,"Los Angeles, CA",11.0,,1.0,0.0,0.0
Yelp,5.0,Since my wife and I returned from thailand we've been on a hunt for great authentic thai food. This is it!! Best thai food in town. Not only is the food great but the service is amazing. Thank you Apple for a great dining experience.,2017-02-03T00:24:46Z,,,,,,,,,"North Hills, Los Angeles, CA",2.0,,0.0,0.0,0.0
Yelp,5.0,"Excellent , friendly service. I had order pad Thai shrimp with Thai tea with boba so so very good. Best Thai restaurant . Most certainly will return.",2017-01-20T02:36:57Z,,,,,,,,,"Santa Clarita, CA",1.0,,0.0,0.0,0.0
Yelp,5.0,"This is one of our go-to spots for vegetarian food. Apple readily accommodates our requests, and the food is incredible. There is a fine balance between the smoky and the sweet. Plus, the yellow curry is amazing--but be careful to tell them that you don't want it spicy if you can't handle the heat. We love ours mild, and they get it right every time.",2018-06-25T17:42:35Z,,,,,,,,,"San Fernando, CA",15.0,,0.0,0.0,0.0
Yelp,4.0,They have the best tom yum noodle soup in the area! I have a hard time finding another place like this that sells good tom yum noodle soup. Their appetizers are good too! The down side is that parking is limited.,2018-02-23T20:40:27Z,,,,,,,,,"San Fernando, CA",15.0,,0.0,0.0,0.0
Yelp,5.0,"Lunch special is plentiful, pad thai sticky and sweet like I like it, Tom yum not too sour, overall really great lunch.",2017-02-02T21:04:26Z,,,,,,,,,"Granada Hills, Granada Hills, CA",2.0,,0.0,0.0,0.0
Yelp,3.0,"So my reviews are as follows. 2 stars: food, 1 professionalism, ambiance, service. I'm giving 1 star for food, 1 for professionalism, 1 for ambiance, 0 for service = 3 stars. Everything is closed right now so I'm just assuming that their ambiance and professionalism is good. I ordered Panang curry, pad Thai and an appetizer. The food is awesome and I will most likely order from here again BUT, of all the Thai places that I have eaten at, even in Thailand, I have not received curry by itself. I ordered curry for myself and pad Thai for my wife assuming that the curry will come with rice. Do they expect people to have curry by itself? Like just drink it? That's the only part of this order that really got me puzzled. I had to let my curry sit and cook rice to have with the curry. You expect to charge $11 for curry and not give rice with it? It makes no sense. I've cook curry myself and it does not cost even $5 to cook one serving of curry and even wayyy less than that to have one serving of rice. Other then that, the food is great... probably one of the best in the valley.",2020-07-20T01:55:35Z,,,,,,,,,"Los Angeles, CA",29.0,,0.0,0.0,0.0
Yelp,5.0,Best chicken fried rice in the area by far. Always tastes fresh with large chucks of peppers and onions. It's the one thing I order consistently. Also great service,2018-07-18T18:48:42Z,,,,,,,,,"North Hollywood, CA",40.0,,0.0,0.0,0.0
Yelp,5.0,"Deliciousness! Their fresh spicy rolls and spicy beef salad were amazing, fresh and delicious! The pad Thai was perfectly flavored! Great little gem in the area! The people seem really nice too... the owner is the sweetest! :)",2017-06-12T23:06:11Z,,,,,,,,,"Granada Hills, Los Angeles, CA",189.0,,1.0,0.0,0.0
Yelp,4.0,"Great food, horrible parking. They're almost buried in the corner of a tiny strip mall and parking is tight, but the food is worth it. They make the best garlic beef of any thai restaurant I've visited, and the pad thai and panang are good, too. Nice orange chicken as well. A regular take out spot for our family!",2018-10-30T17:49:52Z,,,,,,,,,"Los Angeles, CA",10.0,,0.0,0.0,0.0
Yelp,2.0,"Placed an order 45 mins ahead of time and still wasn't ready when I got there. The guy went to the back to check my order, came back out never gave me an update, had to ask how much longer and simply told to sit down and wait, didn't even apologize.",2018-01-27T04:33:57Z,,,,,,,,,"Wilmington, CA",38.0,,0.0,0.0,0.0
Yelp,5.0,"Highly recommended, Omg I loved it, the food is great and the customer service is much better",2018-07-17T00:12:08Z,,,,,,,,,"Madisonville, KY",10.0,,0.0,0.0,0.0
Yelp,5.0,"we love to order food from this restaurant, they are very accommodating and patient when we placed our order. we are vegan and they prepare everything for us without any questions. the food is fresh and cooked to order. we are happy we found them so near to our house, they have also delivered food to us as well, free of charge. highly recommended this restaurant, keeping local family owned restaurans alive!!",2017-09-30T00:34:22Z,,,,,,,,,"Los Angeles, CA",21.0,,0.0,0.0,0.0
Yelp,5.0,"Love everything on the menu that we've tried so far, but my favorites are the Panang Curry, pad see yew, and eggplant tofu.",2017-09-29T01:50:21Z,,,,,,,,,"Granada Hills, Los Angeles, CA",20.0,,0.0,0.0,0.0
Yelp,4.0,First time ordering and I Must say it's pretty tasty. Ordered thru Yelp. Delivery was on time. Kinda disappointed with the amount of noodles received with my Rad Nah but it was yummy. I'd order again.,2017-10-15T03:38:19Z,,,,,,,,,"Los Angeles, CA",23.0,,0.0,0.0,0.0
Yelp,5.0,Was in the mood for thai food and just happened to be near by. The food was great and so was the service. Looking s a thai restaruant for good fried rice and we found it. I will be back when ever we are in the area.,2017-10-14T19:10:01Z,,,,,,,,,"Los Angeles, CA",51.0,,0.0,0.0,0.0
Yelp,5.0,New ownership with new cooks and crew. I had to try their tom yum seafood soup and i gotta tell ya out of all surrounding thai places within 2 mile radius they got the best and freshest tom yum. So its wonderful to have this new addition to the neighborhood. This is my new take out place. Just one request put the cat fish in chilli paste on the menu if possible. :),2017-01-17T21:30:01Z,,,,,,,,,"Glendale, CA",75.0,,0.0,0.0,1.0
Yelp,3.0,"Not too many people inside but it took about half hour for our first order to come up. Food was delivered to the table one at a time which i thought was kind of slow. We ordered shrimp dumplings for appetizer; it was ok. Bbq ribs was cold and tasted boiled instead. Rad na was watery but taste was good. Pad thai was a failure, tasted kinda spoiled to me. Soup was the best. Presentation was perfect. Service was 4/5. Items were overpriced compare to other thai restaurants. We were not satisfied, still a little hungry and ended up going to the soup/boba place behind them.",2017-02-16T11:28:00Z,,,,,,,,,"Sylmar, CA",1.0,,0.0,0.0,1.0
Yelp,5.0,"The orange chicken is amazing!!! The thai iced tea always hits the spot. Love getting take-out from Spice It Up. Great service, fast, and delicious.",2017-11-22T21:02:31Z,,,,,,,,,"Phoenix, AZ",1.0,,0.0,0.0,0.0
Yelp,5.0,"Did not expect much when I came to eat here but the food is amazing. Delicious, and great portion size. The seating areas are also very comfortable. The wait usually is not long.",2017-05-24T00:44:30Z,,,,,,,,,"Los Angeles, CA",19.0,,0.0,0.0,0.0
Yelp,5.0,Fantasic Thai restaurant with great service and hospitality. Best orange chicken in the valley. Its rare to find thai food that tasted ad authentic as this. Eaten once in the restaurant and once delivery. Speedy delivery and the order was perfectly organized and complete. Highly recommend Spice Up Thai Eatery.,2017-06-30T06:24:05Z,,,,,,,,,"El Monte, CA",2.0,,0.0,0.0,0.0
Yelp,2.0,"Haven't tried much from the menu after eating the pad see ew I don't think that I am gonna come back. The dish was overall really bland and the noodles were so white in color. For this dish, the noodles should be much darker than what I received. For what I ate, the flavor was very mediocre. The pad see ew I received looked nothing like the photos I've seen from their page. Have had better in this area from other places.",2017-02-20T02:23:27Z,,,,,,,,,"Granada Hills, CA",112.0,,0.0,0.0,0.0
Yelp,4.0,"It is very difficult for me to get a Bangkok Thai restaurant who are willing to prepare food to my heat level. Jitlada and Lum Ka Naad will do it, but the perception that Americans can't or won't eat ""spicy"" food persists. I now have a third go-to restaurant I can count on. What's the good and the bad? The bad: The parking is a nightmare. There is a good possibility that you may have to park across the street in the Walgreens parking lot. The good: The food. We did take out. We did Papaya Salad, Tom Yum Soup (Hot and Sour), Panang Curry Chicken and Spicy Beef Thai Fried Rice. They were all good and had some heat to them. The flavors here a bit heavier than many of the Bangkok Thai restaurants we have tried in the SF Valley and that's a good thing. The flavors are more distinct and pungent. The Tom Yum Soup was a bit sweeter than I am used too, but the sour complimented it well. The Panang Curry was thick and rich. The Papaya Salad, crisp and refreshing. The Spicy Thai Fried Rice was darker and more flavorful than some of the others I have tried. How are the portions? Four dishes and two dinners later, we finished the food. Enough said. I wish they had Sai Oua. Try this place.",2017-09-05T17:51:58Z,,,,,,,,,"San Fernando Valley, CA",115.0,,0.0,0.0,0.0
Yelp,4.0,"Ordered delivery via Yelp App. Fast, simple & easy to order. Food came fresh & hot. Tasted good. Would order again from here :)",2017-08-20T01:26:29Z,,,,,,,,,"Granada Hills, CA",6.0,,0.0,0.0,0.0
Yelp,4.0,Pad Thai was great and provided me enough for three meals! Thai iced tea was average but the sticky rice with mango dessert was pretty awesome.,2017-07-24T19:19:53Z,,,,,,,,,"Rancho Palos Verdes, CA",12.0,,0.0,0.0,0.0
Yelp,5.0,"This is my favorite place to go whenever I want some really good Thai food ! I love the food and the service here. When I come in hungry, I'll always come out full and satisfied after my meal. My family and I come to eat here all the time because we love it so much. If you want to try or eat some good food, this is the place to go. Guarantee, you'll love the food, and you'll want to come back again and again. The waiters and service are on point. Very kind and very good people. I'd never get tired of eating here. I recommend for others to come here and try it. It's the absolute best. :)) Definitely a 5 star restaurant.",2017-11-03T03:06:17Z,,,,,,,,,"Granada Hills, Granada Hills, CA",2.0,,0.0,0.0,0.0
Yelp,5.0,This is the best Thai food in a while. Everyone was friendly and the service was great.,2017-10-24T23:58:01Z,,,,,,,,,"Northridge, Los Angeles, CA",2.0,,0.0,0.0,0.0
Yelp,5.0,"For a quick budget-minded lunch, this place was perfect. I had the pad thai off the ""lunch special"" menu ($8 for everything). The soup was a nice balance of sweet and spicy and the pad thai was good. Service was fast and very friendly. It is not a place I'd recommend for a nice dinner out as that's not the vibe, but it's great for what it is. Please consider parking on Chatsworth and walking a little bit. That little parking lot is almost always a nightmare.",2017-12-06T02:28:39Z,,,,,,,,,"Lacey, WA",41.0,,0.0,0.0,0.0
Yelp,5.0,"It's a little hole-in-the-wall that offers great food at a great price! Not to mention, the service is amazing as well!",2017-02-15T03:22:59Z,,,,,,,,,"San Fernando, CA",10.0,,0.0,0.0,0.0
Yelp,5.0,"When I order the noodles here, I win. Order two or three different kinds of noodles. The freebie when you order over $20 is also very cool. Last time they sent pot stickers. Yum! They're very affordable and they deliver for free. Yay!",2017-10-31T01:54:36Z,,,,,,,,,"Granada Hills, Granada Hills, CA",1.0,,0.0,0.0,0.0
Yelp,5.0,I had the spicy beef salad and it was delicious.!!!! The server Apple was friendly. They also do deliveries!!,2017-10-25T00:00:30Z,,,,,,,,,"Northridge, Los Angeles, CA",1.0,,0.0,0.0,0.0
Yelp,3.0,"Meh! This place was so much better with the previous owner. I ordered a large order to be delivered. They told me 45-1hr wait. An hr and a half later I had to call the restaurant for an update. The lady's response was that they are ""too busy"" and the driver was ""on his way."" I live on the same block ;-/ how long can it take? Also, they forgot all the condiments. The food was just okay. The meat plates had more veggies than meat. Will not order again.",2017-02-25T04:03:07Z,,,,,,,,,"Granada Hills, CA",5.0,,0.0,0.0,0.0
Yelp,5.0,Excellent food at great prices! Soups are especially delicious! And Apple is the best server!,2017-08-28T19:06:13Z,,,,,,,,,"Pinehurst, NC",2.0,,0.0,0.0,0.0
Yelp,4.0,Decided to give it a try since its grand opening and its really goood my bf and i tried the pork bbq ribs and they were made to perfection. Will definitely be back!,2017-06-11T23:37:39Z,,,,,,,,,"Los Angeles, CA",12.0,,0.0,0.0,0.0
Yelp,5.0,"The pan fried noodles are excellent, but the barbecued ribs are outstanding. A lot of food, all excellent. The only minor problem is parking. It shares a small lot with a 7-11 and Subway, but there is a big lot across the street.",2017-02-16T00:06:08Z,,,,,,,,,"PORTER RANCH, CA",25.0,,0.0,0.0,0.0
Yelp,5.0,"I love this place, I came here after a friend of mine told me to come here! The food is amazing and I love the fries wontons as a appetizer! I would high recommend coming here!!",2017-02-14T03:51:57Z,,,,,,,,,"Fontana, CA",5.0,,0.0,0.0,0.0
Yelp,5.0,"Food is delicious and service is great. The first item I had was the tom yum soup, I was feeling under the weather, and this did not disappoint. I wanted to come back again and this time I got mongolian beef, it was also very tasty. I'll definitely be coming back more often. It's a perk that it's near by!",2017-02-11T22:43:19Z,,,,,,,,,"NORTHRIDGE, CA",1.0,,0.0,0.0,0.0
Yelp,5.0,"I had the panang curry here and I liked the flavors quite a bit. Rich with a good amount of spice. The presentation is simple, though the colors were vivid. The server is friendly and no doubt working hard to provide quick service. I also had the crab Rangoon which I enjoyed as well. The cream cheese worked well with the crab. I will definitely come back and try the other menu items.",2017-02-05T02:48:50Z,,,,,,,,,"Granada Hills, CA",2.0,,0.0,0.0,0.0
Yelp,5.0,The food is amazing and the service was great. Love the spicey noodle and pad see eww!,2017-04-21T04:00:35Z,,,,,,,,,"Sylmar, CA",5.0,,0.0,0.0,0.0
Yelp,5.0,"Very friendly and thoughtful service here! Had the Mongolian beef, BBQ pork ribs, and Tom Yum Shrimp soup. Best was definitely the tom yum soup. The soup base is prepared with all the traditional ingredients and definitely hits the spot in cold weather. I recommend this place to people looking for a cozy place out of the rain to warm up!",2017-02-11T22:43:51Z,,,,,,,,,"Los Angeles, CA",3.0,,0.0,0.0,0.0
Yelp,5.0,I went here and got pad thai with tofu. It was probably one of my favorite pad thais in the valley! Very good place,2017-02-11T02:46:46Z,,,,,,,,,"Los Angeles, CA",3.0,,0.0,0.0,0.0
